sigma_mode,attack_key,attack,method,f,acc_mean,acc_std,n_seeds,accept_mean,accept_std
certified,alie,ALIE,AG-PTR (FedAdam-diag P),0.0,0.7511,0.0,1,0.1944444444444444,
certified,alie,ALIE,AG-PTR (FedAdam-diag P),0.3,0.7316,0.0,1,0.1166666666666666,
certified,alie,ALIE,AG-PTR (FedAdam-diag P),0.49,0.7214,0.0,1,0.0888888888888888,
certified,alie,ALIE,AG-PTR (P=I),0.0,0.1024,0.0,1,0.4111111111111111,
certified,alie,ALIE,AG-PTR (P=I),0.3,0.4318,0.0,1,0.4333333333333333,
certified,alie,ALIE,AG-PTR (P=I),0.49,0.3962,0.0,1,0.0388888888888888,
certified,minmax,MinMax,AG-PTR (FedAdam-diag P),0.0,0.7511,0.0,1,0.1944444444444444,
certified,minmax,MinMax,AG-PTR (FedAdam-diag P),0.3,0.7419,0.0,1,0.2055555555555555,
certified,minmax,MinMax,AG-PTR (FedAdam-diag P),0.49,0.6216,0.0,1,0.05,
certified,minmax,MinMax,AG-PTR (P=I),0.0,0.1024,0.0,1,0.4111111111111111,
certified,minmax,MinMax,AG-PTR (P=I),0.3,0.1448,0.0,1,0.1777777777777777,
certified,minmax,MinMax,AG-PTR (P=I),0.49,0.4353,0.0,1,0.05,
certified,sf,SF,AG-PTR (FedAdam-diag P),0.0,0.7511,0.0,1,0.1944444444444444,
certified,sf,SF,AG-PTR (FedAdam-diag P),0.3,0.7144,0.0,1,0.1611111111111111,
certified,sf,SF,AG-PTR (FedAdam-diag P),0.49,0.6214,0.0,1,0.05,
certified,sf,SF,AG-PTR (P=I),0.0,0.1024,0.0,1,0.4111111111111111,
certified,sf,SF,AG-PTR (P=I),0.3,0.2615,0.0,1,0.2,
certified,sf,SF,AG-PTR (P=I),0.49,0.4793,0.0,1,0.05,
nominal,alie,ALIE,AG-PTR (FedAdam-diag P),0.0,0.7556333333333334,0.0012096831541082468,3,0.3796296296296296,0.025660011963983348
nominal,alie,ALIE,AG-PTR (FedAdam-diag P),0.1,0.7536,0.0,1,0.327778,
nominal,alie,ALIE,AG-PTR (FedAdam-diag P),0.2,0.7347,0.0,1,0.1,
nominal,alie,ALIE,AG-PTR (FedAdam-diag P),0.3,0.7211,0.0,1,0.111111,
nominal,alie,ALIE,AG-PTR (FedAdam-diag P),0.4,0.7161,0.0,1,0.083333,
nominal,alie,ALIE,AG-PTR (FedAdam-diag P),0.49,0.7211,0.0,1,0.088889,
nominal,alie,ALIE,AG-PTR (FedAdam-diag P),0.6,0.3826,0.0,1,0.005556,
nominal,alie,ALIE,AG-PTR (P=I),0.0,0.321,0.22983846501401803,3,0.32407411111111106,0.03941438865345905
nominal,alie,ALIE,AG-PTR (P=I),0.1,0.1028,0.0,1,0.394444,
nominal,alie,ALIE,AG-PTR (P=I),0.2,0.1009,0.0,1,0.416667,
nominal,alie,ALIE,AG-PTR (P=I),0.3,0.2895,0.0,1,0.3,
nominal,alie,ALIE,AG-PTR (P=I),0.4,0.1101,0.0,1,0.2,
nominal,alie,ALIE,AG-PTR (P=I),0.49,0.4505,0.0,1,0.055556,
nominal,alie,ALIE,AG-PTR (P=I),0.6,0.2171,0.0,1,0.016667,
nominal,alie,ALIE,DP-FedAvg (FedAdam),0.0,0.0984,0.0,1,,
nominal,alie,ALIE,DP-FedAvg (FedAdam),0.1,0.1023,0.0,1,,
nominal,alie,ALIE,DP-FedAvg (FedAdam),0.2,0.1026,0.0,1,,
nominal,alie,ALIE,DP-FedAvg (FedAdam),0.3,0.1273,0.0,1,,
nominal,alie,ALIE,DP-FedAvg (FedAdam),0.4,0.1013,0.0,1,,
nominal,alie,ALIE,DP-FedAvg (FedAdam),0.49,0.1007,0.0,1,,
nominal,alie,ALIE,DP-FedAvg (FedAdam),0.6,0.1007,0.0,1,,
nominal,alie,ALIE,FedVRDP-style (FedAdam),0.0,0.5172,0.0,1,,
nominal,alie,ALIE,FedVRDP-style (FedAdam),0.1,0.3685,0.0,1,,
nominal,alie,ALIE,FedVRDP-style (FedAdam),0.2,0.1405,0.0,1,,
nominal,alie,ALIE,FedVRDP-style (FedAdam),0.3,0.1552,0.0,1,,
nominal,alie,ALIE,FedVRDP-style (FedAdam),0.4,0.1344,0.0,1,,
nominal,alie,ALIE,FedVRDP-style (FedAdam),0.49,0.1261,0.0,1,,
nominal,alie,ALIE,FedVRDP-style (FedAdam),0.6,0.154,0.0,1,,
nominal,alie,ALIE,Krum (FedAdam),0.0,0.1,0.0,1,,
nominal,alie,ALIE,Krum (FedAdam),0.1,0.1,0.0,1,,
nominal,alie,ALIE,Krum (FedAdam),0.2,0.1,0.0,1,,
nominal,alie,ALIE,Krum (FedAdam),0.3,0.1542,0.0,1,,
nominal,alie,ALIE,Krum (FedAdam),0.4,0.1,0.0,1,,
nominal,alie,ALIE,Krum (FedAdam),0.49,0.1,0.0,1,,
nominal,alie,ALIE,Krum (FedAdam),0.6,0.1,0.0,1,,
nominal,alie,ALIE,Median (FedAdam),0.0,0.7789,0.0,1,,
nominal,alie,ALIE,Median (FedAdam),0.1,0.0998,0.0,1,,
nominal,alie,ALIE,Median (FedAdam),0.2,0.408,0.0,1,,
nominal,alie,ALIE,Median (FedAdam),0.3,0.1824,0.0,1,,
nominal,alie,ALIE,Median (FedAdam),0.4,0.1,0.0,1,,
nominal,alie,ALIE,Median (FedAdam),0.49,0.1,0.0,1,,
nominal,alie,ALIE,Median (FedAdam),0.6,0.1,0.0,1,,
nominal,alie,ALIE,SparseFed-style (FedAdam),0.0,0.8708,0.0,1,,
nominal,alie,ALIE,SparseFed-style (FedAdam),0.1,0.441,0.0,1,,
nominal,alie,ALIE,SparseFed-style (FedAdam),0.2,0.1458,0.0,1,,
nominal,alie,ALIE,SparseFed-style (FedAdam),0.3,0.1,0.0,1,,
nominal,alie,ALIE,SparseFed-style (FedAdam),0.4,0.1,0.0,1,,
nominal,alie,ALIE,SparseFed-style (FedAdam),0.49,0.1,0.0,1,,
nominal,alie,ALIE,SparseFed-style (FedAdam),0.6,0.1,0.0,1,,
nominal,alie,ALIE,TrimmedMean (FedAdam),0.0,0.8256,0.0,1,,
nominal,alie,ALIE,TrimmedMean (FedAdam),0.1,0.3568,0.0,1,,
nominal,alie,ALIE,TrimmedMean (FedAdam),0.2,0.2561,0.0,1,,
nominal,alie,ALIE,TrimmedMean (FedAdam),0.3,0.1714,0.0,1,,
nominal,alie,ALIE,TrimmedMean (FedAdam),0.4,0.1,0.0,1,,
nominal,alie,ALIE,TrimmedMean (FedAdam),0.49,0.1,0.0,1,,
nominal,alie,ALIE,TrimmedMean (FedAdam),0.6,0.1,0.0,1,,
nominal,foe,FoE,AG-PTR (FedAdam-diag P),0.0,0.757,0.0,1,0.35,
nominal,foe,FoE,AG-PTR (FedAdam-diag P),0.1,0.7566,0.0,1,0.411111,
nominal,foe,FoE,AG-PTR (FedAdam-diag P),0.2,0.7537,0.0,1,0.388889,
nominal,foe,FoE,AG-PTR (FedAdam-diag P),0.3,0.7491,0.0,1,0.161111,
nominal,foe,FoE,AG-PTR (FedAdam-diag P),0.4,0.7208,0.0,1,0.094444,
nominal,foe,FoE,AG-PTR (FedAdam-diag P),0.49,0.6432,0.0,1,0.044444,
nominal,foe,FoE,AG-PTR (FedAdam-diag P),0.6,0.0427,0.0,1,0.0,
nominal,foe,FoE,AG-PTR (P=I),0.0,0.2924,0.0,1,0.288889,
nominal,foe,FoE,AG-PTR (P=I),0.1,0.3438,0.0,1,0.194444,
nominal,foe,FoE,AG-PTR (P=I),0.2,0.0864,0.0,1,0.311111,
nominal,foe,FoE,AG-PTR (P=I),0.3,0.1525,0.0,1,0.205556,
nominal,foe,FoE,AG-PTR (P=I),0.4,0.318,0.0,1,0.088889,
nominal,foe,FoE,AG-PTR (P=I),0.49,0.3364,0.0,1,0.066667,
nominal,foe,FoE,AG-PTR (P=I),0.6,0.0427,0.0,1,0.0,
nominal,foe,FoE,DP-FedAvg (FedAdam),0.0,0.0984,0.0,1,,
nominal,foe,FoE,DP-FedAvg (FedAdam),0.1,0.0965,0.0,1,,
nominal,foe,FoE,DP-FedAvg (FedAdam),0.2,0.3975,0.0,1,,
nominal,foe,FoE,DP-FedAvg (FedAdam),0.3,0.2913,0.0,1,,
nominal,foe,FoE,DP-FedAvg (FedAdam),0.4,0.1911,0.0,1,,
nominal,foe,FoE,DP-FedAvg (FedAdam),0.49,0.1,0.0,1,,
nominal,foe,FoE,DP-FedAvg (FedAdam),0.6,0.1,0.0,1,,
nominal,foe,FoE,FedVRDP-style (FedAdam),0.0,0.5172,0.0,1,,
nominal,foe,FoE,FedVRDP-style (FedAdam),0.1,0.6134,0.0,1,,
nominal,foe,FoE,FedVRDP-style (FedAdam),0.2,0.5787,0.0,1,,
nominal,foe,FoE,FedVRDP-style (FedAdam),0.3,0.6101,0.0,1,,
nominal,foe,FoE,FedVRDP-style (FedAdam),0.4,0.5235,0.0,1,,
nominal,foe,FoE,FedVRDP-style (FedAdam),0.49,0.241,0.0,1,,
nominal,foe,FoE,FedVRDP-style (FedAdam),0.6,0.1,0.0,1,,
nominal,foe,FoE,Krum (FedAdam),0.0,0.1,0.0,1,,
nominal,foe,FoE,Krum (FedAdam),0.1,0.5602,0.0,1,,
nominal,foe,FoE,Krum (FedAdam),0.2,0.1,0.0,1,,
nominal,foe,FoE,Krum (FedAdam),0.3,0.1,0.0,1,,
nominal,foe,FoE,Krum (FedAdam),0.4,0.1,0.0,1,,
nominal,foe,FoE,Krum (FedAdam),0.49,0.1,0.0,1,,
nominal,foe,FoE,Krum (FedAdam),0.6,0.1,0.0,1,,
nominal,foe,FoE,Median (FedAdam),0.0,0.7789,0.0,1,,
nominal,foe,FoE,Median (FedAdam),0.1,0.7049,0.0,1,,
nominal,foe,FoE,Median (FedAdam),0.2,0.5488,0.0,1,,
nominal,foe,FoE,Median (FedAdam),0.3,0.1,0.0,1,,
nominal,foe,FoE,Median (FedAdam),0.4,0.1,0.0,1,,
nominal,foe,FoE,Median (FedAdam),0.49,0.1,0.0,1,,
nominal,foe,FoE,Median (FedAdam),0.6,0.1,0.0,1,,
nominal,foe,FoE,SparseFed-style (FedAdam),0.0,0.8708,0.0,1,,
nominal,foe,FoE,SparseFed-style (FedAdam),0.1,0.8794,0.0,1,,
nominal,foe,FoE,SparseFed-style (FedAdam),0.2,0.8931,0.0,1,,
nominal,foe,FoE,SparseFed-style (FedAdam),0.3,0.8933,0.0,1,,
nominal,foe,FoE,SparseFed-style (FedAdam),0.4,0.8814,0.0,1,,
nominal,foe,FoE,SparseFed-style (FedAdam),0.49,0.1001,0.0,1,,
nominal,foe,FoE,SparseFed-style (FedAdam),0.6,0.1,0.0,1,,
nominal,foe,FoE,TrimmedMean (FedAdam),0.0,0.8256,0.0,1,,
nominal,foe,FoE,TrimmedMean (FedAdam),0.1,0.7606,0.0,1,,
nominal,foe,FoE,TrimmedMean (FedAdam),0.2,0.6187,0.0,1,,
nominal,foe,FoE,TrimmedMean (FedAdam),0.3,0.0953,0.0,1,,
nominal,foe,FoE,TrimmedMean (FedAdam),0.4,0.1,0.0,1,,
nominal,foe,FoE,TrimmedMean (FedAdam),0.49,0.1,0.0,1,,
nominal,foe,FoE,TrimmedMean (FedAdam),0.6,0.1,0.0,1,,
nominal,lf,LF,AG-PTR (FedAdam-diag P),0.0,0.757,0.0,1,0.35,
nominal,lf,LF,AG-PTR (FedAdam-diag P),0.1,0.7526,0.0,1,0.327778,
nominal,lf,LF,AG-PTR (FedAdam-diag P),0.2,0.7365,0.0,1,0.094444,
nominal,lf,LF,AG-PTR (FedAdam-diag P),0.3,0.7282,0.0,1,0.094444,
nominal,lf,LF,AG-PTR (FedAdam-diag P),0.4,0.7208,0.0,1,0.088889,
nominal,lf,LF,AG-PTR (FedAdam-diag P),0.49,0.7133,0.0,1,0.094444,
nominal,lf,LF,AG-PTR (FedAdam-diag P),0.6,0.0427,0.0,1,0.0,
nominal,lf,LF,AG-PTR (P=I),0.0,0.2924,0.0,1,0.288889,
nominal,lf,LF,AG-PTR (P=I),0.1,0.1015,0.0,1,0.2,
nominal,lf,LF,AG-PTR (P=I),0.2,0.1358,0.0,1,0.394444,
nominal,lf,LF,AG-PTR (P=I),0.3,0.1002,0.0,1,0.338889,
nominal,lf,LF,AG-PTR (P=I),0.4,0.1024,0.0,1,0.411111,
nominal,lf,LF,AG-PTR (P=I),0.49,0.1049,0.0,1,0.327778,
nominal,lf,LF,AG-PTR (P=I),0.6,0.0427,0.0,1,0.0,
nominal,lf,LF,DP-FedAvg (FedAdam),0.0,0.0984,0.0,1,,
nominal,lf,LF,DP-FedAvg (FedAdam),0.1,0.0993,0.0,1,,
nominal,lf,LF,DP-FedAvg (FedAdam),0.2,0.1012,0.0,1,,
nominal,lf,LF,DP-FedAvg (FedAdam),0.3,0.0995,0.0,1,,
nominal,lf,LF,DP-FedAvg (FedAdam),0.4,0.0983,0.0,1,,
nominal,lf,LF,DP-FedAvg (FedAdam),0.49,0.0975,0.0,1,,
nominal,lf,LF,DP-FedAvg (FedAdam),0.6,0.0969,0.0,1,,
nominal,lf,LF,FedVRDP-style (FedAdam),0.0,0.5172,0.0,1,,
nominal,lf,LF,FedVRDP-style (FedAdam),0.1,0.4437,0.0,1,,
nominal,lf,LF,FedVRDP-style (FedAdam),0.2,0.3888,0.0,1,,
nominal,lf,LF,FedVRDP-style (FedAdam),0.3,0.1058,0.0,1,,
nominal,lf,LF,FedVRDP-style (FedAdam),0.4,0.1673,0.0,1,,
nominal,lf,LF,FedVRDP-style (FedAdam),0.49,0.1182,0.0,1,,
nominal,lf,LF,FedVRDP-style (FedAdam),0.6,0.1004,0.0,1,,
nominal,lf,LF,Krum (FedAdam),0.0,0.1,0.0,1,,
nominal,lf,LF,Krum (FedAdam),0.1,0.1002,0.0,1,,
nominal,lf,LF,Krum (FedAdam),0.2,0.0992,0.0,1,,
nominal,lf,LF,Krum (FedAdam),0.3,0.1,0.0,1,,
nominal,lf,LF,Krum (FedAdam),0.4,0.1883,0.0,1,,
nominal,lf,LF,Krum (FedAdam),0.49,0.1,0.0,1,,
nominal,lf,LF,Krum (FedAdam),0.6,0.1,0.0,1,,
nominal,lf,LF,Median (FedAdam),0.0,0.7789,0.0,1,,
nominal,lf,LF,Median (FedAdam),0.1,0.7687,0.0,1,,
nominal,lf,LF,Median (FedAdam),0.2,0.7511,0.0,1,,
nominal,lf,LF,Median (FedAdam),0.3,0.7533,0.0,1,,
nominal,lf,LF,Median (FedAdam),0.4,0.6837,0.0,1,,
nominal,lf,LF,Median (FedAdam),0.49,0.4071,0.0,1,,
nominal,lf,LF,Median (FedAdam),0.6,0.0869,0.0,1,,
nominal,lf,LF,SparseFed-style (FedAdam),0.0,0.8708,0.0,1,,
nominal,lf,LF,SparseFed-style (FedAdam),0.1,0.7899,0.0,1,,
nominal,lf,LF,SparseFed-style (FedAdam),0.2,0.8363,0.0,1,,
nominal,lf,LF,SparseFed-style (FedAdam),0.3,0.8543,0.0,1,,
nominal,lf,LF,SparseFed-style (FedAdam),0.4,0.6676,0.0,1,,
nominal,lf,LF,SparseFed-style (FedAdam),0.49,0.1,0.0,1,,
nominal,lf,LF,SparseFed-style (FedAdam),0.6,0.1,0.0,1,,
nominal,lf,LF,TrimmedMean (FedAdam),0.0,0.8256,0.0,1,,
nominal,lf,LF,TrimmedMean (FedAdam),0.1,0.1,0.0,1,,
nominal,lf,LF,TrimmedMean (FedAdam),0.2,0.6663,0.0,1,,
nominal,lf,LF,TrimmedMean (FedAdam),0.3,0.7109,0.0,1,,
nominal,lf,LF,TrimmedMean (FedAdam),0.4,0.2692,0.0,1,,
nominal,lf,LF,TrimmedMean (FedAdam),0.49,0.4298,0.0,1,,
nominal,lf,LF,TrimmedMean (FedAdam),0.6,0.0923,0.0,1,,
nominal,minmax,MinMax,AG-PTR (FedAdam-diag P),0.0,0.757,0.0,1,0.35,
nominal,minmax,MinMax,AG-PTR (FedAdam-diag P),0.1,0.7591,0.0,1,0.472222,
nominal,minmax,MinMax,AG-PTR (FedAdam-diag P),0.2,0.7504,0.0,1,0.433333,
nominal,minmax,MinMax,AG-PTR (FedAdam-diag P),0.3,0.7496,0.0,1,0.244444,
nominal,minmax,MinMax,AG-PTR (FedAdam-diag P),0.4,0.7304,0.0,1,0.105556,
nominal,minmax,MinMax,AG-PTR (FedAdam-diag P),0.49,0.6329,0.0,1,0.05,
nominal,minmax,MinMax,AG-PTR (FedAdam-diag P),0.6,0.0427,0.0,1,0.0,
nominal,minmax,MinMax,AG-PTR (P=I),0.0,0.2924,0.0,1,0.288889,
nominal,minmax,MinMax,AG-PTR (P=I),0.1,0.1015,0.0,1,0.394444,
nominal,minmax,MinMax,AG-PTR (P=I),0.2,0.1021,0.0,1,0.433333,
nominal,minmax,MinMax,AG-PTR (P=I),0.3,0.1736,0.0,1,0.227778,
nominal,minmax,MinMax,AG-PTR (P=I),0.4,0.2858,0.0,1,0.072222,
nominal,minmax,MinMax,AG-PTR (P=I),0.49,0.3713,0.0,1,0.055556,
nominal,minmax,MinMax,AG-PTR (P=I),0.6,0.0427,0.0,1,0.0,
nominal,minmax,MinMax,DP-FedAvg (FedAdam),0.0,0.0984,0.0,1,,
nominal,minmax,MinMax,DP-FedAvg (FedAdam),0.1,0.1019,0.0,1,,
nominal,minmax,MinMax,DP-FedAvg (FedAdam),0.2,0.0878,0.0,1,,
nominal,minmax,MinMax,DP-FedAvg (FedAdam),0.3,0.4082,0.0,1,,
nominal,minmax,MinMax,DP-FedAvg (FedAdam),0.4,0.3786,0.0,1,,
nominal,minmax,MinMax,DP-FedAvg (FedAdam),0.49,0.232,0.0,1,,
nominal,minmax,MinMax,DP-FedAvg (FedAdam),0.6,0.1501,0.0,1,,
nominal,minmax,MinMax,FedVRDP-style (FedAdam),0.0,0.5172,0.0,1,,
nominal,minmax,MinMax,FedVRDP-style (FedAdam),0.1,0.5956,0.0,1,,
nominal,minmax,MinMax,FedVRDP-style (FedAdam),0.2,0.5222,0.0,1,,
nominal,minmax,MinMax,FedVRDP-style (FedAdam),0.3,0.3791,0.0,1,,
nominal,minmax,MinMax,FedVRDP-style (FedAdam),0.4,0.2186,0.0,1,,
nominal,minmax,MinMax,FedVRDP-style (FedAdam),0.49,0.2468,0.0,1,,
nominal,minmax,MinMax,FedVRDP-style (FedAdam),0.6,0.0985,0.0,1,,
nominal,minmax,MinMax,Krum (FedAdam),0.0,0.1,0.0,1,,
nominal,minmax,MinMax,Krum (FedAdam),0.1,0.1,0.0,1,,
nominal,minmax,MinMax,Krum (FedAdam),0.2,0.1,0.0,1,,
nominal,minmax,MinMax,Krum (FedAdam),0.3,0.1,0.0,1,,
nominal,minmax,MinMax,Krum (FedAdam),0.4,0.1,0.0,1,,
nominal,minmax,MinMax,Krum (FedAdam),0.49,0.1,0.0,1,,
nominal,minmax,MinMax,Krum (FedAdam),0.6,0.1,0.0,1,,
nominal,minmax,MinMax,Median (FedAdam),0.0,0.7789,0.0,1,,
nominal,minmax,MinMax,Median (FedAdam),0.1,0.1,0.0,1,,
nominal,minmax,MinMax,Median (FedAdam),0.2,0.5251,0.0,1,,
nominal,minmax,MinMax,Median (FedAdam),0.3,0.0823,0.0,1,,
nominal,minmax,MinMax,Median (FedAdam),0.4,0.1,0.0,1,,
nominal,minmax,MinMax,Median (FedAdam),0.49,0.1,0.0,1,,
nominal,minmax,MinMax,Median (FedAdam),0.6,0.1,0.0,1,,
nominal,minmax,MinMax,SparseFed-style (FedAdam),0.0,0.8708,0.0,1,,
nominal,minmax,MinMax,SparseFed-style (FedAdam),0.1,0.6981,0.0,1,,
nominal,minmax,MinMax,SparseFed-style (FedAdam),0.2,0.1,0.0,1,,
nominal,minmax,MinMax,SparseFed-style (FedAdam),0.3,0.1,0.0,1,,
nominal,minmax,MinMax,SparseFed-style (FedAdam),0.4,0.1,0.0,1,,
nominal,minmax,MinMax,SparseFed-style (FedAdam),0.49,0.0758,0.0,1,,
nominal,minmax,MinMax,SparseFed-style (FedAdam),0.6,0.1,0.0,1,,
nominal,minmax,MinMax,TrimmedMean (FedAdam),0.0,0.8256,0.0,1,,
nominal,minmax,MinMax,TrimmedMean (FedAdam),0.1,0.1,0.0,1,,
nominal,minmax,MinMax,TrimmedMean (FedAdam),0.2,0.2595,0.0,1,,
nominal,minmax,MinMax,TrimmedMean (FedAdam),0.3,0.1,0.0,1,,
nominal,minmax,MinMax,TrimmedMean (FedAdam),0.4,0.1,0.0,1,,
nominal,minmax,MinMax,TrimmedMean (FedAdam),0.49,0.1,0.0,1,,
nominal,minmax,MinMax,TrimmedMean (FedAdam),0.6,0.1,0.0,1,,
nominal,minsum,MinSum,AG-PTR (FedAdam-diag P),0.0,0.757,0.0,1,0.35,
nominal,minsum,MinSum,AG-PTR (FedAdam-diag P),0.1,0.7508,0.0,1,0.394444,
nominal,minsum,MinSum,AG-PTR (FedAdam-diag P),0.2,0.7501,0.0,1,0.427778,
nominal,minsum,MinSum,AG-PTR (FedAdam-diag P),0.3,0.7505,0.0,1,0.244444,
nominal,minsum,MinSum,AG-PTR (FedAdam-diag P),0.4,0.7305,0.0,1,0.105556,
nominal,minsum,MinSum,AG-PTR (FedAdam-diag P),0.49,0.6329,0.0,1,0.05,
nominal,minsum,MinSum,AG-PTR (FedAdam-diag P),0.6,0.0427,0.0,1,0.0,
nominal,minsum,MinSum,AG-PTR (P=I),0.0,0.2924,0.0,1,0.288889,
nominal,minsum,MinSum,AG-PTR (P=I),0.1,0.1073,0.0,1,0.388889,
nominal,minsum,MinSum,AG-PTR (P=I),0.2,0.1202,0.0,1,0.333333,
nominal,minsum,MinSum,AG-PTR (P=I),0.3,0.1769,0.0,1,0.211111,
nominal,minsum,MinSum,AG-PTR (P=I),0.4,0.318,0.0,1,0.088889,
nominal,minsum,MinSum,AG-PTR (P=I),0.49,0.392,0.0,1,0.055556,
nominal,minsum,MinSum,AG-PTR (P=I),0.6,0.0427,0.0,1,0.0,
nominal,minsum,MinSum,DP-FedAvg (FedAdam),0.0,0.0984,0.0,1,,
nominal,minsum,MinSum,DP-FedAvg (FedAdam),0.1,0.1023,0.0,1,,
nominal,minsum,MinSum,DP-FedAvg (FedAdam),0.2,0.097,0.0,1,,
nominal,minsum,MinSum,DP-FedAvg (FedAdam),0.3,0.4045,0.0,1,,
nominal,minsum,MinSum,DP-FedAvg (FedAdam),0.4,0.2937,0.0,1,,
nominal,minsum,MinSum,DP-FedAvg (FedAdam),0.49,0.3044,0.0,1,,
nominal,minsum,MinSum,DP-FedAvg (FedAdam),0.6,0.117,0.0,1,,
nominal,minsum,MinSum,FedVRDP-style (FedAdam),0.0,0.5172,0.0,1,,
nominal,minsum,MinSum,FedVRDP-style (FedAdam),0.1,0.5913,0.0,1,,
nominal,minsum,MinSum,FedVRDP-style (FedAdam),0.2,0.4895,0.0,1,,
nominal,minsum,MinSum,FedVRDP-style (FedAdam),0.3,0.3895,0.0,1,,
nominal,minsum,MinSum,FedVRDP-style (FedAdam),0.4,0.3015,0.0,1,,
nominal,minsum,MinSum,FedVRDP-style (FedAdam),0.49,0.3529,0.0,1,,
nominal,minsum,MinSum,FedVRDP-style (FedAdam),0.6,0.2132,0.0,1,,
nominal,minsum,MinSum,Krum (FedAdam),0.0,0.1,0.0,1,,
nominal,minsum,MinSum,Krum (FedAdam),0.1,0.1,0.0,1,,
nominal,minsum,MinSum,Krum (FedAdam),0.2,0.1,0.0,1,,
nominal,minsum,MinSum,Krum (FedAdam),0.3,0.1,0.0,1,,
nominal,minsum,MinSum,Krum (FedAdam),0.4,0.1,0.0,1,,
nominal,minsum,MinSum,Krum (FedAdam),0.49,0.1032,0.0,1,,
nominal,minsum,MinSum,Krum (FedAdam),0.6,0.1,0.0,1,,
nominal,minsum,MinSum,Median (FedAdam),0.0,0.7789,0.0,1,,
nominal,minsum,MinSum,Median (FedAdam),0.1,0.1,0.0,1,,
nominal,minsum,MinSum,Median (FedAdam),0.2,0.5252,0.0,1,,
nominal,minsum,MinSum,Median (FedAdam),0.3,0.2189,0.0,1,,
nominal,minsum,MinSum,Median (FedAdam),0.4,0.0999,0.0,1,,
nominal,minsum,MinSum,Median (FedAdam),0.49,0.1,0.0,1,,
nominal,minsum,MinSum,Median (FedAdam),0.6,0.1,0.0,1,,
nominal,minsum,MinSum,SparseFed-style (FedAdam),0.0,0.8708,0.0,1,,
nominal,minsum,MinSum,SparseFed-style (FedAdam),0.1,0.5352,0.0,1,,
nominal,minsum,MinSum,SparseFed-style (FedAdam),0.2,0.1004,0.0,1,,
nominal,minsum,MinSum,SparseFed-style (FedAdam),0.3,0.4753,0.0,1,,
nominal,minsum,MinSum,SparseFed-style (FedAdam),0.4,0.1,0.0,1,,
nominal,minsum,MinSum,SparseFed-style (FedAdam),0.49,0.1,0.0,1,,
nominal,minsum,MinSum,SparseFed-style (FedAdam),0.6,0.1,0.0,1,,
nominal,minsum,MinSum,TrimmedMean (FedAdam),0.0,0.8256,0.0,1,,
nominal,minsum,MinSum,TrimmedMean (FedAdam),0.1,0.1,0.0,1,,
nominal,minsum,MinSum,TrimmedMean (FedAdam),0.2,0.1,0.0,1,,
nominal,minsum,MinSum,TrimmedMean (FedAdam),0.3,0.1,0.0,1,,
nominal,minsum,MinSum,TrimmedMean (FedAdam),0.4,0.1001,0.0,1,,
nominal,minsum,MinSum,TrimmedMean (FedAdam),0.49,0.1,0.0,1,,
nominal,minsum,MinSum,TrimmedMean (FedAdam),0.6,0.1,0.0,1,,
nominal,sf,SF,AG-PTR (FedAdam-diag P),0.0,0.757,0.0,1,0.35,
nominal,sf,SF,AG-PTR (FedAdam-diag P),0.1,0.7587,0.0,1,0.477778,
nominal,sf,SF,AG-PTR (FedAdam-diag P),0.2,0.7547,0.0,1,0.472222,
nominal,sf,SF,AG-PTR (FedAdam-diag P),0.3,0.7343,0.0,1,0.205556,
nominal,sf,SF,AG-PTR (FedAdam-diag P),0.4,0.7208,0.0,1,0.094444,
nominal,sf,SF,AG-PTR (FedAdam-diag P),0.49,0.633,0.0,1,0.05,
nominal,sf,SF,AG-PTR (FedAdam-diag P),0.6,0.0427,0.0,1,0.0,
nominal,sf,SF,AG-PTR (P=I),0.0,0.2924,0.0,1,0.288889,
nominal,sf,SF,AG-PTR (P=I),0.1,0.3438,0.0,1,0.194444,
nominal,sf,SF,AG-PTR (P=I),0.2,0.1065,0.0,1,0.277778,
nominal,sf,SF,AG-PTR (P=I),0.3,0.1119,0.0,1,0.211111,
nominal,sf,SF,AG-PTR (P=I),0.4,0.318,0.0,1,0.088889,
nominal,sf,SF,AG-PTR (P=I),0.49,0.3364,0.0,1,0.066667,
nominal,sf,SF,AG-PTR (P=I),0.6,0.0427,0.0,1,0.0,
nominal,sf,SF,DP-FedAvg (FedAdam),0.0,0.0984,0.0,1,,
nominal,sf,SF,DP-FedAvg (FedAdam),0.1,0.1172,0.0,1,,
nominal,sf,SF,DP-FedAvg (FedAdam),0.2,0.4761,0.0,1,,
nominal,sf,SF,DP-FedAvg (FedAdam),0.3,0.4189,0.0,1,,
nominal,sf,SF,DP-FedAvg (FedAdam),0.4,0.2319,0.0,1,,
nominal,sf,SF,DP-FedAvg (FedAdam),0.49,0.1,0.0,1,,
nominal,sf,SF,DP-FedAvg (FedAdam),0.6,0.1,0.0,1,,
nominal,sf,SF,FedVRDP-style (FedAdam),0.0,0.5172,0.0,1,,
nominal,sf,SF,FedVRDP-style (FedAdam),0.1,0.574,0.0,1,,
nominal,sf,SF,FedVRDP-style (FedAdam),0.2,0.4869,0.0,1,,
nominal,sf,SF,FedVRDP-style (FedAdam),0.3,0.4278,0.0,1,,
nominal,sf,SF,FedVRDP-style (FedAdam),0.4,0.2605,0.0,1,,
nominal,sf,SF,FedVRDP-style (FedAdam),0.49,0.1,0.0,1,,
nominal,sf,SF,FedVRDP-style (FedAdam),0.6,0.1,0.0,1,,
nominal,sf,SF,Krum (FedAdam),0.0,0.1,0.0,1,,
nominal,sf,SF,Krum (FedAdam),0.1,0.1,0.0,1,,
nominal,sf,SF,Krum (FedAdam),0.2,0.1,0.0,1,,
nominal,sf,SF,Krum (FedAdam),0.3,0.1,0.0,1,,
nominal,sf,SF,Krum (FedAdam),0.4,0.1,0.0,1,,
nominal,sf,SF,Krum (FedAdam),0.49,0.1,0.0,1,,
nominal,sf,SF,Krum (FedAdam),0.6,0.1,0.0,1,,
nominal,sf,SF,Median (FedAdam),0.0,0.7789,0.0,1,,
nominal,sf,SF,Median (FedAdam),0.1,0.1,0.0,1,,
nominal,sf,SF,Median (FedAdam),0.2,0.5252,0.0,1,,
nominal,sf,SF,Median (FedAdam),0.3,0.2189,0.0,1,,
nominal,sf,SF,Median (FedAdam),0.4,0.1,0.0,1,,
nominal,sf,SF,Median (FedAdam),0.49,0.1,0.0,1,,
nominal,sf,SF,Median (FedAdam),0.6,0.1,0.0,1,,
nominal,sf,SF,SparseFed-style (FedAdam),0.0,0.8708,0.0,1,,
nominal,sf,SF,SparseFed-style (FedAdam),0.1,0.3213,0.0,1,,
nominal,sf,SF,SparseFed-style (FedAdam),0.2,0.1,0.0,1,,
nominal,sf,SF,SparseFed-style (FedAdam),0.3,0.1,0.0,1,,
nominal,sf,SF,SparseFed-style (FedAdam),0.4,0.1322,0.0,1,,
nominal,sf,SF,SparseFed-style (FedAdam),0.49,0.1027,0.0,1,,
nominal,sf,SF,SparseFed-style (FedAdam),0.6,0.1,0.0,1,,
nominal,sf,SF,TrimmedMean (FedAdam),0.0,0.8256,0.0,1,,
nominal,sf,SF,TrimmedMean (FedAdam),0.1,0.6876,0.0,1,,
nominal,sf,SF,TrimmedMean (FedAdam),0.2,0.1,0.0,1,,
nominal,sf,SF,TrimmedMean (FedAdam),0.3,0.1,0.0,1,,
nominal,sf,SF,TrimmedMean (FedAdam),0.4,0.1,0.0,1,,
nominal,sf,SF,TrimmedMean (FedAdam),0.49,0.1,0.0,1,,
nominal,sf,SF,TrimmedMean (FedAdam),0.6,0.1,0.0,1,,
