Dataset,Attack,Method,Percentage of Byzantine Cliets (%),Accuracy,Accept_Rate
Fashion-MNIST-IID,ALIE,DP-FedAvg,0.0,0.7087,1.0
Fashion-MNIST-IID,ALIE,Median,0.0,0.7698,1.0
Fashion-MNIST-IID,ALIE,TrimmedMean,0.0,0.805,1.0
Fashion-MNIST-IID,ALIE,Krum,0.0,0.712,1.0
Fashion-MNIST-IID,ALIE,SparseFed-style,0.0,0.8037,1.0
Fashion-MNIST-IID,ALIE,AG-PTR,0.0,0.7728,0.9444444444444444
Fashion-MNIST-IID,ALIE,DP-FedAvg,0.1,0.6986,1.0
Fashion-MNIST-IID,ALIE,Median,0.1,0.7507,1.0
Fashion-MNIST-IID,ALIE,TrimmedMean,0.1,0.769,1.0
Fashion-MNIST-IID,ALIE,Krum,0.1,0.7037,1.0
Fashion-MNIST-IID,ALIE,SparseFed-style,0.1,0.7748,1.0
Fashion-MNIST-IID,ALIE,AG-PTR,0.1,0.7507,0.9055555555555556
Fashion-MNIST-IID,ALIE,DP-FedAvg,0.2,0.635,1.0
Fashion-MNIST-IID,ALIE,Median,0.2,0.7259,1.0
Fashion-MNIST-IID,ALIE,TrimmedMean,0.2,0.7079,1.0
Fashion-MNIST-IID,ALIE,Krum,0.2,0.7058,1.0
Fashion-MNIST-IID,ALIE,SparseFed-style,0.2,0.7017,1.0
Fashion-MNIST-IID,ALIE,AG-PTR,0.2,0.7253,0.8222222222222222
Fashion-MNIST-IID,ALIE,DP-FedAvg,0.3,0.5307,1.0
Fashion-MNIST-IID,ALIE,Median,0.3,0.576,1.0
Fashion-MNIST-IID,ALIE,TrimmedMean,0.3,0.4873,1.0
Fashion-MNIST-IID,ALIE,Krum,0.3,0.7279,1.0
Fashion-MNIST-IID,ALIE,SparseFed-style,0.3,0.4072,1.0
Fashion-MNIST-IID,ALIE,AG-PTR,0.3,0.7631,0.6166666666666667
Fashion-MNIST-IID,ALIE,DP-FedAvg,0.4,0.3261,1.0
Fashion-MNIST-IID,ALIE,Median,0.4,0.5561,1.0
Fashion-MNIST-IID,ALIE,TrimmedMean,0.4,0.4915,1.0
Fashion-MNIST-IID,ALIE,Krum,0.4,0.6562,1.0
Fashion-MNIST-IID,ALIE,SparseFed-style,0.4,0.4883,1.0
Fashion-MNIST-IID,ALIE,AG-PTR,0.4,0.7327,0.3888888888888889
Fashion-MNIST-IID,ALIE,DP-FedAvg,0.49,0.1659,1.0
Fashion-MNIST-IID,ALIE,Median,0.49,0.1002,1.0
Fashion-MNIST-IID,ALIE,TrimmedMean,0.49,0.1,1.0
Fashion-MNIST-IID,ALIE,Krum,0.49,0.1,1.0
Fashion-MNIST-IID,ALIE,SparseFed-style,0.49,0.3422,1.0
Fashion-MNIST-IID,ALIE,AG-PTR,0.49,0.6962,0.1722222222222222
Fashion-MNIST-IID,ALIE,DP-FedAvg,0.6,0.1148,1.0
Fashion-MNIST-IID,ALIE,Median,0.6,0.1,1.0
Fashion-MNIST-IID,ALIE,TrimmedMean,0.6,0.1,1.0
Fashion-MNIST-IID,ALIE,Krum,0.6,0.1,1.0
Fashion-MNIST-IID,ALIE,SparseFed-style,0.6,0.1963,1.0
Fashion-MNIST-IID,ALIE,AG-PTR,0.6,0.1468,0.0055555555555555
Fashion-MNIST-IID,SF,DP-FedAvg,0.0,0.7087,1.0
Fashion-MNIST-IID,SF,Median,0.0,0.7698,1.0
Fashion-MNIST-IID,SF,TrimmedMean,0.0,0.805,1.0
Fashion-MNIST-IID,SF,Krum,0.0,0.712,1.0
Fashion-MNIST-IID,SF,SparseFed-style,0.0,0.8037,1.0
Fashion-MNIST-IID,SF,AG-PTR,0.0,0.7728,0.9444444444444444
Fashion-MNIST-IID,SF,DP-FedAvg,0.1,0.616,1.0
Fashion-MNIST-IID,SF,Median,0.1,0.7326,1.0
Fashion-MNIST-IID,SF,TrimmedMean,0.1,0.7329,1.0
Fashion-MNIST-IID,SF,Krum,0.1,0.7037,1.0
Fashion-MNIST-IID,SF,SparseFed-style,0.1,0.6724,1.0
Fashion-MNIST-IID,SF,AG-PTR,0.1,0.7605,0.9388888888888888
Fashion-MNIST-IID,SF,DP-FedAvg,0.2,0.4955,1.0
Fashion-MNIST-IID,SF,Median,0.2,0.6818,1.0
Fashion-MNIST-IID,SF,TrimmedMean,0.2,0.619,1.0
Fashion-MNIST-IID,SF,Krum,0.2,0.7058,1.0
Fashion-MNIST-IID,SF,SparseFed-style,0.2,0.1086,1.0
Fashion-MNIST-IID,SF,AG-PTR,0.2,0.7408,0.8555555555555555
Fashion-MNIST-IID,SF,DP-FedAvg,0.3,0.4183,1.0
Fashion-MNIST-IID,SF,Median,0.3,0.516,1.0
Fashion-MNIST-IID,SF,TrimmedMean,0.3,0.5653,1.0
Fashion-MNIST-IID,SF,Krum,0.3,0.7279,1.0
Fashion-MNIST-IID,SF,SparseFed-style,0.3,0.0142,1.0
Fashion-MNIST-IID,SF,AG-PTR,0.3,0.7629,0.6333333333333333
Fashion-MNIST-IID,SF,DP-FedAvg,0.4,0.2268,1.0
Fashion-MNIST-IID,SF,Median,0.4,0.2022,1.0
Fashion-MNIST-IID,SF,TrimmedMean,0.4,0.1961,1.0
Fashion-MNIST-IID,SF,Krum,0.4,0.727,1.0
Fashion-MNIST-IID,SF,SparseFed-style,0.4,0.0274,1.0
Fashion-MNIST-IID,SF,AG-PTR,0.4,0.7382,0.3333333333333333
Fashion-MNIST-IID,SF,DP-FedAvg,0.49,0.1007,1.0
Fashion-MNIST-IID,SF,Median,0.49,0.2366,1.0
Fashion-MNIST-IID,SF,TrimmedMean,0.49,0.131,1.0
Fashion-MNIST-IID,SF,Krum,0.49,0.1,1.0
Fashion-MNIST-IID,SF,SparseFed-style,0.49,0.1933,1.0
Fashion-MNIST-IID,SF,AG-PTR,0.49,0.6524,0.1333333333333333
Fashion-MNIST-IID,SF,DP-FedAvg,0.6,0.1,1.0
Fashion-MNIST-IID,SF,Median,0.6,0.1,1.0
Fashion-MNIST-IID,SF,TrimmedMean,0.6,0.1,1.0
Fashion-MNIST-IID,SF,Krum,0.6,0.1,1.0
Fashion-MNIST-IID,SF,SparseFed-style,0.6,0.1,1.0
Fashion-MNIST-IID,SF,AG-PTR,0.6,0.0427,0.0
Fashion-MNIST-IID,MinMax,DP-FedAvg,0.0,0.7087,1.0
Fashion-MNIST-IID,MinMax,Median,0.0,0.7698,1.0
Fashion-MNIST-IID,MinMax,TrimmedMean,0.0,0.805,1.0
Fashion-MNIST-IID,MinMax,Krum,0.0,0.712,1.0
Fashion-MNIST-IID,MinMax,SparseFed-style,0.0,0.8037,1.0
Fashion-MNIST-IID,MinMax,AG-PTR,0.0,0.7728,0.9444444444444444
Fashion-MNIST-IID,MinMax,DP-FedAvg,0.1,0.6498,1.0
Fashion-MNIST-IID,MinMax,Median,0.1,0.7326,1.0
Fashion-MNIST-IID,MinMax,TrimmedMean,0.1,0.7291,1.0
Fashion-MNIST-IID,MinMax,Krum,0.1,0.7114,1.0
Fashion-MNIST-IID,MinMax,SparseFed-style,0.1,0.7476,1.0
Fashion-MNIST-IID,MinMax,AG-PTR,0.1,0.7605,0.9388888888888888
Fashion-MNIST-IID,MinMax,DP-FedAvg,0.2,0.603,1.0
Fashion-MNIST-IID,MinMax,Median,0.2,0.6818,1.0
Fashion-MNIST-IID,MinMax,TrimmedMean,0.2,0.681,1.0
Fashion-MNIST-IID,MinMax,Krum,0.2,0.7071,1.0
Fashion-MNIST-IID,MinMax,SparseFed-style,0.2,0.7183,1.0
Fashion-MNIST-IID,MinMax,AG-PTR,0.2,0.7584,0.8611111111111112
Fashion-MNIST-IID,MinMax,DP-FedAvg,0.3,0.5183,1.0
Fashion-MNIST-IID,MinMax,Median,0.3,0.516,1.0
Fashion-MNIST-IID,MinMax,TrimmedMean,0.3,0.4971,1.0
Fashion-MNIST-IID,MinMax,Krum,0.3,0.7117,1.0
Fashion-MNIST-IID,MinMax,SparseFed-style,0.3,0.6683,1.0
Fashion-MNIST-IID,MinMax,AG-PTR,0.3,0.7629,0.6333333333333333
Fashion-MNIST-IID,MinMax,DP-FedAvg,0.4,0.4515,1.0
Fashion-MNIST-IID,MinMax,Median,0.4,0.2016,1.0
Fashion-MNIST-IID,MinMax,TrimmedMean,0.4,0.2055,1.0
Fashion-MNIST-IID,MinMax,Krum,0.4,0.1461,1.0
Fashion-MNIST-IID,MinMax,SparseFed-style,0.4,0.4693,1.0
Fashion-MNIST-IID,MinMax,AG-PTR,0.4,0.7466,0.4277777777777777
Fashion-MNIST-IID,MinMax,DP-FedAvg,0.49,0.2515,1.0
Fashion-MNIST-IID,MinMax,Median,0.49,0.0972,1.0
Fashion-MNIST-IID,MinMax,TrimmedMean,0.49,0.1693,1.0
Fashion-MNIST-IID,MinMax,Krum,0.49,0.1621,1.0
Fashion-MNIST-IID,MinMax,SparseFed-style,0.49,0.4631,1.0
Fashion-MNIST-IID,MinMax,AG-PTR,0.49,0.6524,0.1333333333333333
Fashion-MNIST-IID,MinMax,DP-FedAvg,0.6,0.0708,1.0
Fashion-MNIST-IID,MinMax,Median,0.6,0.1025,1.0
Fashion-MNIST-IID,MinMax,TrimmedMean,0.6,0.1025,1.0
Fashion-MNIST-IID,MinMax,Krum,0.6,0.1025,1.0
Fashion-MNIST-IID,MinMax,SparseFed-style,0.6,0.2093,1.0
Fashion-MNIST-IID,MinMax,AG-PTR,0.6,0.0427,0.0
Fashion-MNIST-IID,MinSum,DP-FedAvg,0.0,0.7087,1.0
Fashion-MNIST-IID,MinSum,Median,0.0,0.7698,1.0
Fashion-MNIST-IID,MinSum,TrimmedMean,0.0,0.805,1.0
Fashion-MNIST-IID,MinSum,Krum,0.0,0.712,1.0
Fashion-MNIST-IID,MinSum,SparseFed-style,0.0,0.8037,1.0
Fashion-MNIST-IID,MinSum,AG-PTR,0.0,0.7728,0.9444444444444444
Fashion-MNIST-IID,MinSum,DP-FedAvg,0.1,0.6383,1.0
Fashion-MNIST-IID,MinSum,Median,0.1,0.7326,1.0
Fashion-MNIST-IID,MinSum,TrimmedMean,0.1,0.7344,1.0
Fashion-MNIST-IID,MinSum,Krum,0.1,0.7016,1.0
Fashion-MNIST-IID,MinSum,SparseFed-style,0.1,0.742,1.0
Fashion-MNIST-IID,MinSum,AG-PTR,0.1,0.7605,0.9388888888888888
Fashion-MNIST-IID,MinSum,DP-FedAvg,0.2,0.5734,1.0
Fashion-MNIST-IID,MinSum,Median,0.2,0.6818,1.0
Fashion-MNIST-IID,MinSum,TrimmedMean,0.2,0.6382,1.0
Fashion-MNIST-IID,MinSum,Krum,0.2,0.7102,1.0
Fashion-MNIST-IID,MinSum,SparseFed-style,0.2,0.7019,1.0
Fashion-MNIST-IID,MinSum,AG-PTR,0.2,0.7658,0.8611111111111112
Fashion-MNIST-IID,MinSum,DP-FedAvg,0.3,0.4695,1.0
Fashion-MNIST-IID,MinSum,Median,0.3,0.516,1.0
Fashion-MNIST-IID,MinSum,TrimmedMean,0.3,0.5557,1.0
Fashion-MNIST-IID,MinSum,Krum,0.3,0.7137,1.0
Fashion-MNIST-IID,MinSum,SparseFed-style,0.3,0.6086,1.0
Fashion-MNIST-IID,MinSum,AG-PTR,0.3,0.7629,0.6333333333333333
Fashion-MNIST-IID,MinSum,DP-FedAvg,0.4,0.298,1.0
Fashion-MNIST-IID,MinSum,Median,0.4,0.1993,1.0
Fashion-MNIST-IID,MinSum,TrimmedMean,0.4,0.1894,1.0
Fashion-MNIST-IID,MinSum,Krum,0.4,0.1146,1.0
Fashion-MNIST-IID,MinSum,SparseFed-style,0.4,0.4893,1.0
Fashion-MNIST-IID,MinSum,AG-PTR,0.4,0.7314,0.3555555555555555
Fashion-MNIST-IID,MinSum,DP-FedAvg,0.49,0.26,1.0
Fashion-MNIST-IID,MinSum,Median,0.49,0.1279,1.0
Fashion-MNIST-IID,MinSum,TrimmedMean,0.49,0.1452,1.0
Fashion-MNIST-IID,MinSum,Krum,0.49,0.1,1.0
Fashion-MNIST-IID,MinSum,SparseFed-style,0.49,0.4455,1.0
Fashion-MNIST-IID,MinSum,AG-PTR,0.49,0.6524,0.1333333333333333
Fashion-MNIST-IID,MinSum,DP-FedAvg,0.6,0.0991,1.0
Fashion-MNIST-IID,MinSum,Median,0.6,0.1,1.0
Fashion-MNIST-IID,MinSum,TrimmedMean,0.6,0.1,1.0
Fashion-MNIST-IID,MinSum,Krum,0.6,0.1,1.0
Fashion-MNIST-IID,MinSum,SparseFed-style,0.6,0.165,1.0
Fashion-MNIST-IID,MinSum,AG-PTR,0.6,0.0427,0.0
Fashion-MNIST-IID,LF,DP-FedAvg,0.0,0.7087,1.0
Fashion-MNIST-IID,LF,Median,0.0,0.7698,1.0
Fashion-MNIST-IID,LF,TrimmedMean,0.0,0.805,1.0
Fashion-MNIST-IID,LF,Krum,0.0,0.712,1.0
Fashion-MNIST-IID,LF,SparseFed-style,0.0,0.8037,1.0
Fashion-MNIST-IID,LF,AG-PTR,0.0,0.7728,0.9444444444444444
Fashion-MNIST-IID,LF,DP-FedAvg,0.1,0.665,1.0
Fashion-MNIST-IID,LF,Median,0.1,0.771,1.0
Fashion-MNIST-IID,LF,TrimmedMean,0.1,0.7937,1.0
Fashion-MNIST-IID,LF,Krum,0.1,0.7111,1.0
Fashion-MNIST-IID,LF,SparseFed-style,0.1,0.7943,1.0
Fashion-MNIST-IID,LF,AG-PTR,0.1,0.7622,0.9111111111111112
Fashion-MNIST-IID,LF,DP-FedAvg,0.2,0.5932,1.0
Fashion-MNIST-IID,LF,Median,0.2,0.753,1.0
Fashion-MNIST-IID,LF,TrimmedMean,0.2,0.7811,1.0
Fashion-MNIST-IID,LF,Krum,0.2,0.7209,1.0
Fashion-MNIST-IID,LF,SparseFed-style,0.2,0.7869,1.0
Fashion-MNIST-IID,LF,AG-PTR,0.2,0.7676,0.9
Fashion-MNIST-IID,LF,DP-FedAvg,0.3,0.5071,1.0
Fashion-MNIST-IID,LF,Median,0.3,0.7617,1.0
Fashion-MNIST-IID,LF,TrimmedMean,0.3,0.766,1.0
Fashion-MNIST-IID,LF,Krum,0.3,0.7174,1.0
Fashion-MNIST-IID,LF,SparseFed-style,0.3,0.7739,1.0
Fashion-MNIST-IID,LF,AG-PTR,0.3,0.7572,0.8555555555555555
Fashion-MNIST-IID,LF,DP-FedAvg,0.4,0.4083,1.0
Fashion-MNIST-IID,LF,Median,0.4,0.7431,1.0
Fashion-MNIST-IID,LF,TrimmedMean,0.4,0.7451,1.0
Fashion-MNIST-IID,LF,Krum,0.4,0.7292,1.0
Fashion-MNIST-IID,LF,SparseFed-style,0.4,0.705,1.0
Fashion-MNIST-IID,LF,AG-PTR,0.4,0.7523,0.5222222222222223
Fashion-MNIST-IID,LF,DP-FedAvg,0.49,0.3263,1.0
Fashion-MNIST-IID,LF,Median,0.49,0.4787,1.0
Fashion-MNIST-IID,LF,TrimmedMean,0.49,0.4717,1.0
Fashion-MNIST-IID,LF,Krum,0.49,0.736,1.0
Fashion-MNIST-IID,LF,SparseFed-style,0.49,0.4589,1.0
Fashion-MNIST-IID,LF,AG-PTR,0.49,0.7149,0.2555555555555555
Fashion-MNIST-IID,LF,DP-FedAvg,0.6,0.2307,1.0
Fashion-MNIST-IID,LF,Median,0.6,0.0585,1.0
Fashion-MNIST-IID,LF,TrimmedMean,0.6,0.0602,1.0
Fashion-MNIST-IID,LF,Krum,0.6,0.0156,1.0
Fashion-MNIST-IID,LF,SparseFed-style,0.6,0.1247,1.0
Fashion-MNIST-IID,LF,AG-PTR,0.6,0.2284,0.0222222222222222
Fashion-MNIST-IID,FoE,DP-FedAvg,0.0,0.7087,1.0
Fashion-MNIST-IID,FoE,Median,0.0,0.7698,1.0
Fashion-MNIST-IID,FoE,TrimmedMean,0.0,0.805,1.0
Fashion-MNIST-IID,FoE,Krum,0.0,0.712,1.0
Fashion-MNIST-IID,FoE,SparseFed-style,0.0,0.8037,1.0
Fashion-MNIST-IID,FoE,AG-PTR,0.0,0.7728,0.9444444444444444
Fashion-MNIST-IID,FoE,DP-FedAvg,0.1,0.6849,1.0
Fashion-MNIST-IID,FoE,Median,0.1,0.7312,1.0
Fashion-MNIST-IID,FoE,TrimmedMean,0.1,0.7764,1.0
Fashion-MNIST-IID,FoE,Krum,0.1,0.7231,1.0
Fashion-MNIST-IID,FoE,SparseFed-style,0.1,0.792,1.0
Fashion-MNIST-IID,FoE,AG-PTR,0.1,0.7605,0.9388888888888888
Fashion-MNIST-IID,FoE,DP-FedAvg,0.2,0.6724,1.0
Fashion-MNIST-IID,FoE,Median,0.2,0.6655,1.0
Fashion-MNIST-IID,FoE,TrimmedMean,0.2,0.7228,1.0
Fashion-MNIST-IID,FoE,Krum,0.2,0.7011,1.0
Fashion-MNIST-IID,FoE,SparseFed-style,0.2,0.7787,1.0
Fashion-MNIST-IID,FoE,AG-PTR,0.2,0.7445,0.8888888888888888
Fashion-MNIST-IID,FoE,DP-FedAvg,0.3,0.6561,1.0
Fashion-MNIST-IID,FoE,Median,0.3,0.5202,1.0
Fashion-MNIST-IID,FoE,TrimmedMean,0.3,0.4944,1.0
Fashion-MNIST-IID,FoE,Krum,0.3,0.5562,1.0
Fashion-MNIST-IID,FoE,SparseFed-style,0.3,0.7685,1.0
Fashion-MNIST-IID,FoE,AG-PTR,0.3,0.7629,0.6333333333333333
Fashion-MNIST-IID,FoE,DP-FedAvg,0.4,0.5998,1.0
Fashion-MNIST-IID,FoE,Median,0.4,0.187,1.0
Fashion-MNIST-IID,FoE,TrimmedMean,0.4,0.1899,1.0
Fashion-MNIST-IID,FoE,Krum,0.4,0.004,1.0
Fashion-MNIST-IID,FoE,SparseFed-style,0.4,0.7271,1.0
Fashion-MNIST-IID,FoE,AG-PTR,0.4,0.7555,0.4666666666666667
Fashion-MNIST-IID,FoE,DP-FedAvg,0.49,0.1,1.0
Fashion-MNIST-IID,FoE,Median,0.49,0.1732,1.0
Fashion-MNIST-IID,FoE,TrimmedMean,0.49,0.1755,1.0
Fashion-MNIST-IID,FoE,Krum,0.49,0.1,1.0
Fashion-MNIST-IID,FoE,SparseFed-style,0.49,0.2768,1.0
Fashion-MNIST-IID,FoE,AG-PTR,0.49,0.6524,0.1333333333333333
Fashion-MNIST-IID,FoE,DP-FedAvg,0.6,0.1,1.0
Fashion-MNIST-IID,FoE,Median,0.6,0.1,1.0
Fashion-MNIST-IID,FoE,TrimmedMean,0.6,0.1,1.0
Fashion-MNIST-IID,FoE,Krum,0.6,0.1,1.0
Fashion-MNIST-IID,FoE,SparseFed-style,0.6,0.1,1.0
Fashion-MNIST-IID,FoE,AG-PTR,0.6,0.0427,0.0
Fashion-MNIST-IID,ALIE,FedVRDP,0.0,0.7739,1.0
Fashion-MNIST-IID,ALIE,FedVRDP,0.1,0.7574,1.0
Fashion-MNIST-IID,ALIE,FedVRDP,0.2,0.7167,1.0
Fashion-MNIST-IID,ALIE,FedVRDP,0.3,0.6595,1.0
Fashion-MNIST-IID,ALIE,FedVRDP,0.4,0.5254,1.0
Fashion-MNIST-IID,ALIE,FedVRDP,0.49,0.3617,1.0
Fashion-MNIST-IID,ALIE,FedVRDP,0.6,0.1474,1.0
Fashion-MNIST-IID,SF,FedVRDP,0.0,0.7739,1.0
Fashion-MNIST-IID,SF,FedVRDP,0.1,0.6429,1.0
Fashion-MNIST-IID,SF,FedVRDP,0.2,0.2844,1.0
Fashion-MNIST-IID,SF,FedVRDP,0.3,0.2786,1.0
Fashion-MNIST-IID,SF,FedVRDP,0.4,0.1649,1.0
Fashion-MNIST-IID,SF,FedVRDP,0.49,0.096,1.0
Fashion-MNIST-IID,SF,FedVRDP,0.6,0.1,1.0
Fashion-MNIST-IID,MinMax,FedVRDP,0.0,0.7739,1.0
Fashion-MNIST-IID,MinMax,FedVRDP,0.1,0.728,1.0
Fashion-MNIST-IID,MinMax,FedVRDP,0.2,0.6013,1.0
Fashion-MNIST-IID,MinMax,FedVRDP,0.3,0.5358,1.0
Fashion-MNIST-IID,MinMax,FedVRDP,0.4,0.4815,1.0
Fashion-MNIST-IID,MinMax,FedVRDP,0.49,0.5016,1.0
Fashion-MNIST-IID,MinMax,FedVRDP,0.6,0.4492,1.0
Fashion-MNIST-IID,MinSum,FedVRDP,0.0,0.7739,1.0
Fashion-MNIST-IID,MinSum,FedVRDP,0.1,0.7134,1.0
Fashion-MNIST-IID,MinSum,FedVRDP,0.2,0.6648,1.0
Fashion-MNIST-IID,MinSum,FedVRDP,0.3,0.565,1.0
Fashion-MNIST-IID,MinSum,FedVRDP,0.4,0.4686,1.0
Fashion-MNIST-IID,MinSum,FedVRDP,0.49,0.5045,1.0
Fashion-MNIST-IID,MinSum,FedVRDP,0.6,0.4832,1.0
Fashion-MNIST-IID,LF,FedVRDP,0.0,0.7739,1.0
Fashion-MNIST-IID,LF,FedVRDP,0.1,0.7625,1.0
Fashion-MNIST-IID,LF,FedVRDP,0.2,0.7374,1.0
Fashion-MNIST-IID,LF,FedVRDP,0.3,0.6849,1.0
Fashion-MNIST-IID,LF,FedVRDP,0.4,0.5466,1.0
Fashion-MNIST-IID,LF,FedVRDP,0.49,0.3976,1.0
Fashion-MNIST-IID,LF,FedVRDP,0.6,0.1608,1.0
Fashion-MNIST-IID,FoE,FedVRDP,0.0,0.7739,1.0
Fashion-MNIST-IID,FoE,FedVRDP,0.1,0.764,1.0
Fashion-MNIST-IID,FoE,FedVRDP,0.2,0.7553,1.0
Fashion-MNIST-IID,FoE,FedVRDP,0.3,0.7152,1.0
Fashion-MNIST-IID,FoE,FedVRDP,0.4,0.642,1.0
Fashion-MNIST-IID,FoE,FedVRDP,0.49,0.1245,1.0
Fashion-MNIST-IID,FoE,FedVRDP,0.6,0.1,1.0
Fashion-MNIST-non-IID,ALIE,DP-FedAvg,0.0,0.6882,1.0
Fashion-MNIST-non-IID,ALIE,Median,0.0,0.7415,1.0
Fashion-MNIST-non-IID,ALIE,TrimmedMean,0.0,0.8045,1.0
Fashion-MNIST-non-IID,ALIE,Krum,0.0,0.7123,1.0
Fashion-MNIST-non-IID,ALIE,SparseFed-style,0.0,0.8003,1.0
Fashion-MNIST-non-IID,ALIE,AG-PTR,0.0,0.7712,0.9166666666666666
Fashion-MNIST-non-IID,ALIE,DP-FedAvg,0.1,0.6806,1.0
Fashion-MNIST-non-IID,ALIE,Median,0.1,0.6971,1.0
Fashion-MNIST-non-IID,ALIE,TrimmedMean,0.1,0.7277,1.0
Fashion-MNIST-non-IID,ALIE,Krum,0.1,0.712,1.0
Fashion-MNIST-non-IID,ALIE,SparseFed-style,0.1,0.7559,1.0
Fashion-MNIST-non-IID,ALIE,AG-PTR,0.1,0.761,0.9
Fashion-MNIST-non-IID,ALIE,DP-FedAvg,0.2,0.57,1.0
Fashion-MNIST-non-IID,ALIE,Median,0.2,0.6902,1.0
Fashion-MNIST-non-IID,ALIE,TrimmedMean,0.2,0.6832,1.0
Fashion-MNIST-non-IID,ALIE,Krum,0.2,0.6965,1.0
Fashion-MNIST-non-IID,ALIE,SparseFed-style,0.2,0.6557,1.0
Fashion-MNIST-non-IID,ALIE,AG-PTR,0.2,0.7373,0.7333333333333333
Fashion-MNIST-non-IID,ALIE,DP-FedAvg,0.3,0.3544,1.0
Fashion-MNIST-non-IID,ALIE,Median,0.3,0.6407,1.0
Fashion-MNIST-non-IID,ALIE,TrimmedMean,0.3,0.5544,1.0
Fashion-MNIST-non-IID,ALIE,Krum,0.3,0.702,1.0
Fashion-MNIST-non-IID,ALIE,SparseFed-style,0.3,0.5251,1.0
Fashion-MNIST-non-IID,ALIE,AG-PTR,0.3,0.7424,0.5722222222222222
Fashion-MNIST-non-IID,ALIE,DP-FedAvg,0.4,0.1757,1.0
Fashion-MNIST-non-IID,ALIE,Median,0.4,0.3134,1.0
Fashion-MNIST-non-IID,ALIE,TrimmedMean,0.4,0.1653,1.0
Fashion-MNIST-non-IID,ALIE,Krum,0.4,0.717,1.0
Fashion-MNIST-non-IID,ALIE,SparseFed-style,0.4,0.308,1.0
Fashion-MNIST-non-IID,ALIE,AG-PTR,0.4,0.7155,0.3277777777777778
Fashion-MNIST-non-IID,ALIE,DP-FedAvg,0.49,0.1151,1.0
Fashion-MNIST-non-IID,ALIE,Median,0.49,0.1003,1.0
Fashion-MNIST-non-IID,ALIE,TrimmedMean,0.49,0.1002,1.0
Fashion-MNIST-non-IID,ALIE,Krum,0.49,0.1,1.0
Fashion-MNIST-non-IID,ALIE,SparseFed-style,0.49,0.1,1.0
Fashion-MNIST-non-IID,ALIE,AG-PTR,0.49,0.6157,0.0888888888888888
Fashion-MNIST-non-IID,ALIE,DP-FedAvg,0.6,0.0927,1.0
Fashion-MNIST-non-IID,ALIE,Median,0.6,0.1,1.0
Fashion-MNIST-non-IID,ALIE,TrimmedMean,0.6,0.1,1.0
Fashion-MNIST-non-IID,ALIE,Krum,0.6,0.1,1.0
Fashion-MNIST-non-IID,ALIE,SparseFed-style,0.6,0.1,1.0
Fashion-MNIST-non-IID,ALIE,AG-PTR,0.6,0.1438,0.0055555555555555
Fashion-MNIST-non-IID,SF,DP-FedAvg,0.0,0.6882,1.0
Fashion-MNIST-non-IID,SF,Median,0.0,0.7415,1.0
Fashion-MNIST-non-IID,SF,TrimmedMean,0.0,0.8045,1.0
Fashion-MNIST-non-IID,SF,Krum,0.0,0.7123,1.0
Fashion-MNIST-non-IID,SF,SparseFed-style,0.0,0.8003,1.0
Fashion-MNIST-non-IID,SF,AG-PTR,0.0,0.7712,0.9166666666666666
Fashion-MNIST-non-IID,SF,DP-FedAvg,0.1,0.6151,1.0
Fashion-MNIST-non-IID,SF,Median,0.1,0.6541,1.0
Fashion-MNIST-non-IID,SF,TrimmedMean,0.1,0.7326,1.0
Fashion-MNIST-non-IID,SF,Krum,0.1,0.7276,1.0
Fashion-MNIST-non-IID,SF,SparseFed-style,0.1,0.6493,1.0
Fashion-MNIST-non-IID,SF,AG-PTR,0.1,0.7111,0.8111111111111111
Fashion-MNIST-non-IID,SF,DP-FedAvg,0.2,0.5619,1.0
Fashion-MNIST-non-IID,SF,Median,0.2,0.4598,1.0
Fashion-MNIST-non-IID,SF,TrimmedMean,0.2,0.5221,1.0
Fashion-MNIST-non-IID,SF,Krum,0.2,0.699,1.0
Fashion-MNIST-non-IID,SF,SparseFed-style,0.2,0.3379,1.0
Fashion-MNIST-non-IID,SF,AG-PTR,0.2,0.7261,0.6944444444444444
Fashion-MNIST-non-IID,SF,DP-FedAvg,0.3,0.3758,1.0
Fashion-MNIST-non-IID,SF,Median,0.3,0.3319,1.0
Fashion-MNIST-non-IID,SF,TrimmedMean,0.3,0.3033,1.0
Fashion-MNIST-non-IID,SF,Krum,0.3,0.6946,1.0
Fashion-MNIST-non-IID,SF,SparseFed-style,0.3,0.2416,1.0
Fashion-MNIST-non-IID,SF,AG-PTR,0.3,0.712,0.5333333333333333
Fashion-MNIST-non-IID,SF,DP-FedAvg,0.4,0.2913,1.0
Fashion-MNIST-non-IID,SF,Median,0.4,0.1918,1.0
Fashion-MNIST-non-IID,SF,TrimmedMean,0.4,0.1961,1.0
Fashion-MNIST-non-IID,SF,Krum,0.4,0.7182,1.0
Fashion-MNIST-non-IID,SF,SparseFed-style,0.4,0.2807,1.0
Fashion-MNIST-non-IID,SF,AG-PTR,0.4,0.7038,0.3388888888888889
Fashion-MNIST-non-IID,SF,DP-FedAvg,0.49,0.1,1.0
Fashion-MNIST-non-IID,SF,Median,0.49,0.1255,1.0
Fashion-MNIST-non-IID,SF,TrimmedMean,0.49,0.232,1.0
Fashion-MNIST-non-IID,SF,Krum,0.49,0.1,1.0
Fashion-MNIST-non-IID,SF,SparseFed-style,0.49,0.1,1.0
Fashion-MNIST-non-IID,SF,AG-PTR,0.49,0.5758,0.0722222222222222
Fashion-MNIST-non-IID,SF,DP-FedAvg,0.6,0.1,1.0
Fashion-MNIST-non-IID,SF,Median,0.6,0.1,1.0
Fashion-MNIST-non-IID,SF,TrimmedMean,0.6,0.1,1.0
Fashion-MNIST-non-IID,SF,Krum,0.6,0.1,1.0
Fashion-MNIST-non-IID,SF,SparseFed-style,0.6,0.1,1.0
Fashion-MNIST-non-IID,SF,AG-PTR,0.6,0.0427,0.0
Fashion-MNIST-non-IID,MinMax,DP-FedAvg,0.0,0.6882,1.0
Fashion-MNIST-non-IID,MinMax,Median,0.0,0.7415,1.0
Fashion-MNIST-non-IID,MinMax,TrimmedMean,0.0,0.8045,1.0
Fashion-MNIST-non-IID,MinMax,Krum,0.0,0.7123,1.0
Fashion-MNIST-non-IID,MinMax,SparseFed-style,0.0,0.8003,1.0
Fashion-MNIST-non-IID,MinMax,AG-PTR,0.0,0.7712,0.9166666666666666
Fashion-MNIST-non-IID,MinMax,DP-FedAvg,0.1,0.6382,1.0
Fashion-MNIST-non-IID,MinMax,Median,0.1,0.6541,1.0
Fashion-MNIST-non-IID,MinMax,TrimmedMean,0.1,0.7095,1.0
Fashion-MNIST-non-IID,MinMax,Krum,0.1,0.7125,1.0
Fashion-MNIST-non-IID,MinMax,SparseFed-style,0.1,0.7408,1.0
Fashion-MNIST-non-IID,MinMax,AG-PTR,0.1,0.7594,0.8555555555555555
Fashion-MNIST-non-IID,MinMax,DP-FedAvg,0.2,0.5579,1.0
Fashion-MNIST-non-IID,MinMax,Median,0.2,0.4598,1.0
Fashion-MNIST-non-IID,MinMax,TrimmedMean,0.2,0.5285,1.0
Fashion-MNIST-non-IID,MinMax,Krum,0.2,0.6189,1.0
Fashion-MNIST-non-IID,MinMax,SparseFed-style,0.2,0.6308,1.0
Fashion-MNIST-non-IID,MinMax,AG-PTR,0.2,0.7389,0.7777777777777778
Fashion-MNIST-non-IID,MinMax,DP-FedAvg,0.3,0.3899,1.0
Fashion-MNIST-non-IID,MinMax,Median,0.3,0.3319,1.0
Fashion-MNIST-non-IID,MinMax,TrimmedMean,0.3,0.2524,1.0
Fashion-MNIST-non-IID,MinMax,Krum,0.3,0.6224,1.0
Fashion-MNIST-non-IID,MinMax,SparseFed-style,0.3,0.4366,1.0
Fashion-MNIST-non-IID,MinMax,AG-PTR,0.3,0.7458,0.5777777777777777
Fashion-MNIST-non-IID,MinMax,DP-FedAvg,0.4,0.1389,1.0
Fashion-MNIST-non-IID,MinMax,Median,0.4,0.1906,1.0
Fashion-MNIST-non-IID,MinMax,TrimmedMean,0.4,0.2504,1.0
Fashion-MNIST-non-IID,MinMax,Krum,0.4,0.1,1.0
Fashion-MNIST-non-IID,MinMax,SparseFed-style,0.4,0.2802,1.0
Fashion-MNIST-non-IID,MinMax,AG-PTR,0.4,0.72,0.2666666666666666
Fashion-MNIST-non-IID,MinMax,DP-FedAvg,0.49,0.394,1.0
Fashion-MNIST-non-IID,MinMax,Median,0.49,0.2782,1.0
Fashion-MNIST-non-IID,MinMax,TrimmedMean,0.49,0.2777,1.0
Fashion-MNIST-non-IID,MinMax,Krum,0.49,0.1,1.0
Fashion-MNIST-non-IID,MinMax,SparseFed-style,0.49,0.2186,1.0
Fashion-MNIST-non-IID,MinMax,AG-PTR,0.49,0.5758,0.0722222222222222
Fashion-MNIST-non-IID,MinMax,DP-FedAvg,0.6,0.3657,1.0
Fashion-MNIST-non-IID,MinMax,Median,0.6,0.0974,1.0
Fashion-MNIST-non-IID,MinMax,TrimmedMean,0.6,0.0974,1.0
Fashion-MNIST-non-IID,MinMax,Krum,0.6,0.0974,1.0
Fashion-MNIST-non-IID,MinMax,SparseFed-style,0.6,0.2284,1.0
Fashion-MNIST-non-IID,MinMax,AG-PTR,0.6,0.0427,0.0
Fashion-MNIST-non-IID,MinSum,DP-FedAvg,0.0,0.6882,1.0
Fashion-MNIST-non-IID,MinSum,Median,0.0,0.7415,1.0
Fashion-MNIST-non-IID,MinSum,TrimmedMean,0.0,0.8045,1.0
Fashion-MNIST-non-IID,MinSum,Krum,0.0,0.7123,1.0
Fashion-MNIST-non-IID,MinSum,SparseFed-style,0.0,0.8003,1.0
Fashion-MNIST-non-IID,MinSum,AG-PTR,0.0,0.7712,0.9166666666666666
Fashion-MNIST-non-IID,MinSum,DP-FedAvg,0.1,0.6178,1.0
Fashion-MNIST-non-IID,MinSum,Median,0.1,0.6541,1.0
Fashion-MNIST-non-IID,MinSum,TrimmedMean,0.1,0.7232,1.0
Fashion-MNIST-non-IID,MinSum,Krum,0.1,0.6869,1.0
Fashion-MNIST-non-IID,MinSum,SparseFed-style,0.1,0.7475,1.0
Fashion-MNIST-non-IID,MinSum,AG-PTR,0.1,0.7478,0.8388888888888889
Fashion-MNIST-non-IID,MinSum,DP-FedAvg,0.2,0.5634,1.0
Fashion-MNIST-non-IID,MinSum,Median,0.2,0.4598,1.0
Fashion-MNIST-non-IID,MinSum,TrimmedMean,0.2,0.5677,1.0
Fashion-MNIST-non-IID,MinSum,Krum,0.2,0.7061,1.0
Fashion-MNIST-non-IID,MinSum,SparseFed-style,0.2,0.5786,1.0
Fashion-MNIST-non-IID,MinSum,AG-PTR,0.2,0.7423,0.7166666666666667
Fashion-MNIST-non-IID,MinSum,DP-FedAvg,0.3,0.4505,1.0
Fashion-MNIST-non-IID,MinSum,Median,0.3,0.3319,1.0
Fashion-MNIST-non-IID,MinSum,TrimmedMean,0.3,0.2602,1.0
Fashion-MNIST-non-IID,MinSum,Krum,0.3,0.6866,1.0
Fashion-MNIST-non-IID,MinSum,SparseFed-style,0.3,0.4211,1.0
Fashion-MNIST-non-IID,MinSum,AG-PTR,0.3,0.7334,0.5944444444444444
Fashion-MNIST-non-IID,MinSum,DP-FedAvg,0.4,0.1772,1.0
Fashion-MNIST-non-IID,MinSum,Median,0.4,0.1905,1.0
Fashion-MNIST-non-IID,MinSum,TrimmedMean,0.4,0.2548,1.0
Fashion-MNIST-non-IID,MinSum,Krum,0.4,0.1,1.0
Fashion-MNIST-non-IID,MinSum,SparseFed-style,0.4,0.2494,1.0
Fashion-MNIST-non-IID,MinSum,AG-PTR,0.4,0.6852,0.2888888888888888
Fashion-MNIST-non-IID,MinSum,DP-FedAvg,0.49,0.1,1.0
Fashion-MNIST-non-IID,MinSum,Median,0.49,0.2784,1.0
Fashion-MNIST-non-IID,MinSum,TrimmedMean,0.49,0.2813,1.0
Fashion-MNIST-non-IID,MinSum,Krum,0.49,0.1,1.0
Fashion-MNIST-non-IID,MinSum,SparseFed-style,0.49,0.1089,1.0
Fashion-MNIST-non-IID,MinSum,AG-PTR,0.49,0.5758,0.0722222222222222
Fashion-MNIST-non-IID,MinSum,DP-FedAvg,0.6,0.1,1.0
Fashion-MNIST-non-IID,MinSum,Median,0.6,0.1,1.0
Fashion-MNIST-non-IID,MinSum,TrimmedMean,0.6,0.1,1.0
Fashion-MNIST-non-IID,MinSum,Krum,0.6,0.1,1.0
Fashion-MNIST-non-IID,MinSum,SparseFed-style,0.6,0.1615,1.0
Fashion-MNIST-non-IID,MinSum,AG-PTR,0.6,0.0427,0.0
Fashion-MNIST-non-IID,LF,DP-FedAvg,0.0,0.6882,1.0
Fashion-MNIST-non-IID,LF,Median,0.0,0.7415,1.0
Fashion-MNIST-non-IID,LF,TrimmedMean,0.0,0.8045,1.0
Fashion-MNIST-non-IID,LF,Krum,0.0,0.7123,1.0
Fashion-MNIST-non-IID,LF,SparseFed-style,0.0,0.8003,1.0
Fashion-MNIST-non-IID,LF,AG-PTR,0.0,0.7712,0.9166666666666666
Fashion-MNIST-non-IID,LF,DP-FedAvg,0.1,0.6513,1.0
Fashion-MNIST-non-IID,LF,Median,0.1,0.649,1.0
Fashion-MNIST-non-IID,LF,TrimmedMean,0.1,0.7361,1.0
Fashion-MNIST-non-IID,LF,Krum,0.1,0.7166,1.0
Fashion-MNIST-non-IID,LF,SparseFed-style,0.1,0.7892,1.0
Fashion-MNIST-non-IID,LF,AG-PTR,0.1,0.7535,0.9055555555555556
Fashion-MNIST-non-IID,LF,DP-FedAvg,0.2,0.5801,1.0
Fashion-MNIST-non-IID,LF,Median,0.2,0.681,1.0
Fashion-MNIST-non-IID,LF,TrimmedMean,0.2,0.7551,1.0
Fashion-MNIST-non-IID,LF,Krum,0.2,0.717,1.0
Fashion-MNIST-non-IID,LF,SparseFed-style,0.2,0.785,1.0
Fashion-MNIST-non-IID,LF,AG-PTR,0.2,0.7587,0.8833333333333333
Fashion-MNIST-non-IID,LF,DP-FedAvg,0.3,0.4851,1.0
Fashion-MNIST-non-IID,LF,Median,0.3,0.6729,1.0
Fashion-MNIST-non-IID,LF,TrimmedMean,0.3,0.7105,1.0
Fashion-MNIST-non-IID,LF,Krum,0.3,0.7074,1.0
Fashion-MNIST-non-IID,LF,SparseFed-style,0.3,0.7688,1.0
Fashion-MNIST-non-IID,LF,AG-PTR,0.3,0.7121,0.7833333333333333
Fashion-MNIST-non-IID,LF,DP-FedAvg,0.4,0.3751,1.0
Fashion-MNIST-non-IID,LF,Median,0.4,0.5257,1.0
Fashion-MNIST-non-IID,LF,TrimmedMean,0.4,0.6333,1.0
Fashion-MNIST-non-IID,LF,Krum,0.4,0.7102,1.0
Fashion-MNIST-non-IID,LF,SparseFed-style,0.4,0.6767,1.0
Fashion-MNIST-non-IID,LF,AG-PTR,0.4,0.6957,0.5777777777777777
Fashion-MNIST-non-IID,LF,DP-FedAvg,0.49,0.3165,1.0
Fashion-MNIST-non-IID,LF,Median,0.49,0.3248,1.0
Fashion-MNIST-non-IID,LF,TrimmedMean,0.49,0.3211,1.0
Fashion-MNIST-non-IID,LF,Krum,0.49,0.6996,1.0
Fashion-MNIST-non-IID,LF,SparseFed-style,0.49,0.4319,1.0
Fashion-MNIST-non-IID,LF,AG-PTR,0.49,0.6882,0.2888888888888888
Fashion-MNIST-non-IID,LF,DP-FedAvg,0.6,0.2162,1.0
Fashion-MNIST-non-IID,LF,Median,0.6,0.1382,1.0
Fashion-MNIST-non-IID,LF,TrimmedMean,0.6,0.1373,1.0
Fashion-MNIST-non-IID,LF,Krum,0.6,0.0145,1.0
Fashion-MNIST-non-IID,LF,SparseFed-style,0.6,0.1069,1.0
Fashion-MNIST-non-IID,LF,AG-PTR,0.6,0.3924,0.0555555555555555
Fashion-MNIST-non-IID,FoE,DP-FedAvg,0.0,0.6882,1.0
Fashion-MNIST-non-IID,FoE,Median,0.0,0.7415,1.0
Fashion-MNIST-non-IID,FoE,TrimmedMean,0.0,0.8045,1.0
Fashion-MNIST-non-IID,FoE,Krum,0.0,0.7123,1.0
Fashion-MNIST-non-IID,FoE,SparseFed-style,0.0,0.8003,1.0
Fashion-MNIST-non-IID,FoE,AG-PTR,0.0,0.7712,0.9166666666666666
Fashion-MNIST-non-IID,FoE,DP-FedAvg,0.1,0.6755,1.0
Fashion-MNIST-non-IID,FoE,Median,0.1,0.6909,1.0
Fashion-MNIST-non-IID,FoE,TrimmedMean,0.1,0.7487,1.0
Fashion-MNIST-non-IID,FoE,Krum,0.1,0.4611,1.0
Fashion-MNIST-non-IID,FoE,SparseFed-style,0.1,0.7802,1.0
Fashion-MNIST-non-IID,FoE,AG-PTR,0.1,0.7468,0.85
Fashion-MNIST-non-IID,FoE,DP-FedAvg,0.2,0.6591,1.0
Fashion-MNIST-non-IID,FoE,Median,0.2,0.5511,1.0
Fashion-MNIST-non-IID,FoE,TrimmedMean,0.2,0.6745,1.0
Fashion-MNIST-non-IID,FoE,Krum,0.2,0.5954,1.0
Fashion-MNIST-non-IID,FoE,SparseFed-style,0.2,0.7801,1.0
Fashion-MNIST-non-IID,FoE,AG-PTR,0.2,0.7087,0.6722222222222223
Fashion-MNIST-non-IID,FoE,DP-FedAvg,0.3,0.6335,1.0
Fashion-MNIST-non-IID,FoE,Median,0.3,0.4531,1.0
Fashion-MNIST-non-IID,FoE,TrimmedMean,0.3,0.3539,1.0
Fashion-MNIST-non-IID,FoE,Krum,0.3,0.3788,1.0
Fashion-MNIST-non-IID,FoE,SparseFed-style,0.3,0.7608,1.0
Fashion-MNIST-non-IID,FoE,AG-PTR,0.3,0.6895,0.5333333333333333
Fashion-MNIST-non-IID,FoE,DP-FedAvg,0.4,0.378,1.0
Fashion-MNIST-non-IID,FoE,Median,0.4,0.326,1.0
Fashion-MNIST-non-IID,FoE,TrimmedMean,0.4,0.2479,1.0
Fashion-MNIST-non-IID,FoE,Krum,0.4,0.0117,1.0
Fashion-MNIST-non-IID,FoE,SparseFed-style,0.4,0.7245,1.0
Fashion-MNIST-non-IID,FoE,AG-PTR,0.4,0.693,0.2888888888888888
Fashion-MNIST-non-IID,FoE,DP-FedAvg,0.49,0.1,1.0
Fashion-MNIST-non-IID,FoE,Median,0.49,0.1763,1.0
Fashion-MNIST-non-IID,FoE,TrimmedMean,0.49,0.188,1.0
Fashion-MNIST-non-IID,FoE,Krum,0.49,0.1,1.0
Fashion-MNIST-non-IID,FoE,SparseFed-style,0.49,0.2482,1.0
Fashion-MNIST-non-IID,FoE,AG-PTR,0.49,0.5758,0.0722222222222222
Fashion-MNIST-non-IID,FoE,DP-FedAvg,0.6,0.1,1.0
Fashion-MNIST-non-IID,FoE,Median,0.6,0.1,1.0
Fashion-MNIST-non-IID,FoE,TrimmedMean,0.6,0.1,1.0
Fashion-MNIST-non-IID,FoE,Krum,0.6,0.1,1.0
Fashion-MNIST-non-IID,FoE,SparseFed-style,0.6,0.1,1.0
Fashion-MNIST-non-IID,FoE,AG-PTR,0.6,0.0427,0.0
Fashion-MNIST-non-IID,ALIE,FedVRDP,0.0,0.7776,1.0
Fashion-MNIST-non-IID,ALIE,FedVRDP,0.1,0.7368,1.0
Fashion-MNIST-non-IID,ALIE,FedVRDP,0.2,0.6566,1.0
Fashion-MNIST-non-IID,ALIE,FedVRDP,0.3,0.5029,1.0
Fashion-MNIST-non-IID,ALIE,FedVRDP,0.4,0.1105,1.0
Fashion-MNIST-non-IID,ALIE,FedVRDP,0.49,0.1,1.0
Fashion-MNIST-non-IID,ALIE,FedVRDP,0.6,0.1,1.0
Fashion-MNIST-non-IID,SF,FedVRDP,0.0,0.7776,1.0
Fashion-MNIST-non-IID,SF,FedVRDP,0.1,0.6883,1.0
Fashion-MNIST-non-IID,SF,FedVRDP,0.2,0.3326,1.0
Fashion-MNIST-non-IID,SF,FedVRDP,0.3,0.2381,1.0
Fashion-MNIST-non-IID,SF,FedVRDP,0.4,0.2481,1.0
Fashion-MNIST-non-IID,SF,FedVRDP,0.49,0.1677,1.0
Fashion-MNIST-non-IID,SF,FedVRDP,0.6,0.1,1.0
Fashion-MNIST-non-IID,MinMax,FedVRDP,0.0,0.7776,1.0
Fashion-MNIST-non-IID,MinMax,FedVRDP,0.1,0.691,1.0
Fashion-MNIST-non-IID,MinMax,FedVRDP,0.2,0.5779,1.0
Fashion-MNIST-non-IID,MinMax,FedVRDP,0.3,0.3769,1.0
Fashion-MNIST-non-IID,MinMax,FedVRDP,0.4,0.3899,1.0
Fashion-MNIST-non-IID,MinMax,FedVRDP,0.49,0.2991,1.0
Fashion-MNIST-non-IID,MinMax,FedVRDP,0.6,0.2243,1.0
Fashion-MNIST-non-IID,MinSum,FedVRDP,0.0,0.7776,1.0
Fashion-MNIST-non-IID,MinSum,FedVRDP,0.1,0.6699,1.0
Fashion-MNIST-non-IID,MinSum,FedVRDP,0.2,0.5833,1.0
Fashion-MNIST-non-IID,MinSum,FedVRDP,0.3,0.4738,1.0
Fashion-MNIST-non-IID,MinSum,FedVRDP,0.4,0.4246,1.0
Fashion-MNIST-non-IID,MinSum,FedVRDP,0.49,0.2722,1.0
Fashion-MNIST-non-IID,MinSum,FedVRDP,0.6,0.2121,1.0
Fashion-MNIST-non-IID,LF,FedVRDP,0.0,0.7776,1.0
Fashion-MNIST-non-IID,LF,FedVRDP,0.1,0.7638,1.0
Fashion-MNIST-non-IID,LF,FedVRDP,0.2,0.7296,1.0
Fashion-MNIST-non-IID,LF,FedVRDP,0.3,0.6888,1.0
Fashion-MNIST-non-IID,LF,FedVRDP,0.4,0.5824,1.0
Fashion-MNIST-non-IID,LF,FedVRDP,0.49,0.4174,1.0
Fashion-MNIST-non-IID,LF,FedVRDP,0.6,0.2128,1.0
Fashion-MNIST-non-IID,FoE,FedVRDP,0.0,0.7776,1.0
Fashion-MNIST-non-IID,FoE,FedVRDP,0.1,0.7496,1.0
Fashion-MNIST-non-IID,FoE,FedVRDP,0.2,0.719,1.0
Fashion-MNIST-non-IID,FoE,FedVRDP,0.3,0.7167,1.0
Fashion-MNIST-non-IID,FoE,FedVRDP,0.4,0.621,1.0
Fashion-MNIST-non-IID,FoE,FedVRDP,0.49,0.1672,1.0
Fashion-MNIST-non-IID,FoE,FedVRDP,0.6,0.1,1.0
CIFAR-10-IID,ALIE,DP-FedAvg,0.0,0.2824,1.0
CIFAR-10-IID,ALIE,Median,0.0,0.4423,1.0
CIFAR-10-IID,ALIE,TrimmedMean,0.0,0.4795,1.0
CIFAR-10-IID,ALIE,Krum,0.0,0.3497,1.0
CIFAR-10-IID,ALIE,SparseFed-style,0.0,0.4678,1.0
CIFAR-10-IID,ALIE,AG-PTR,0.0,0.3873,0.85
CIFAR-10-IID,ALIE,DP-FedAvg,0.1,0.1573,1.0
CIFAR-10-IID,ALIE,Median,0.1,0.3652,1.0
CIFAR-10-IID,ALIE,TrimmedMean,0.1,0.3475,1.0
CIFAR-10-IID,ALIE,Krum,0.1,0.3519,1.0
CIFAR-10-IID,ALIE,SparseFed-style,0.1,0.3558,1.0
CIFAR-10-IID,ALIE,AG-PTR,0.1,0.3588,0.95
CIFAR-10-IID,ALIE,DP-FedAvg,0.2,0.1188,1.0
CIFAR-10-IID,ALIE,Median,0.2,0.2289,1.0
CIFAR-10-IID,ALIE,TrimmedMean,0.2,0.1634,1.0
CIFAR-10-IID,ALIE,Krum,0.2,0.362,1.0
CIFAR-10-IID,ALIE,SparseFed-style,0.2,0.1767,1.0
CIFAR-10-IID,ALIE,AG-PTR,0.2,0.3329,0.7111111111111111
CIFAR-10-IID,ALIE,DP-FedAvg,0.3,0.1006,1.0
CIFAR-10-IID,ALIE,Median,0.3,0.1,1.0
CIFAR-10-IID,ALIE,TrimmedMean,0.3,0.1,1.0
CIFAR-10-IID,ALIE,Krum,0.3,0.3445,1.0
CIFAR-10-IID,ALIE,SparseFed-style,0.3,0.1,1.0
CIFAR-10-IID,ALIE,AG-PTR,0.3,0.3017,0.4111111111111111
CIFAR-10-IID,ALIE,DP-FedAvg,0.4,0.0953,1.0
CIFAR-10-IID,ALIE,Median,0.4,0.1001,1.0
CIFAR-10-IID,ALIE,TrimmedMean,0.4,0.1,1.0
CIFAR-10-IID,ALIE,Krum,0.4,0.1,1.0
CIFAR-10-IID,ALIE,SparseFed-style,0.4,0.1,1.0
CIFAR-10-IID,ALIE,AG-PTR,0.4,0.2696,0.2055555555555555
CIFAR-10-IID,ALIE,DP-FedAvg,0.49,0.0964,1.0
CIFAR-10-IID,ALIE,Median,0.49,0.1,1.0
CIFAR-10-IID,ALIE,TrimmedMean,0.49,0.1,1.0
CIFAR-10-IID,ALIE,Krum,0.49,0.1,1.0
CIFAR-10-IID,ALIE,SparseFed-style,0.49,0.1,1.0
CIFAR-10-IID,ALIE,AG-PTR,0.49,0.1029,0.0055555555555555
CIFAR-10-IID,ALIE,DP-FedAvg,0.6,0.0955,1.0
CIFAR-10-IID,ALIE,Median,0.6,0.1,1.0
CIFAR-10-IID,ALIE,TrimmedMean,0.6,0.1,1.0
CIFAR-10-IID,ALIE,Krum,0.6,0.1,1.0
CIFAR-10-IID,ALIE,SparseFed-style,0.6,0.1,1.0
CIFAR-10-IID,ALIE,AG-PTR,0.6,0.0999,0.0055555555555555
CIFAR-10-IID,SF,DP-FedAvg,0.0,0.2824,1.0
CIFAR-10-IID,SF,Median,0.0,0.4423,1.0
CIFAR-10-IID,SF,TrimmedMean,0.0,0.4795,1.0
CIFAR-10-IID,SF,Krum,0.0,0.3497,1.0
CIFAR-10-IID,SF,SparseFed-style,0.0,0.4678,1.0
CIFAR-10-IID,SF,AG-PTR,0.0,0.3873,0.85
CIFAR-10-IID,SF,DP-FedAvg,0.1,0.1749,1.0
CIFAR-10-IID,SF,Median,0.1,0.3299,1.0
CIFAR-10-IID,SF,TrimmedMean,0.1,0.2657,1.0
CIFAR-10-IID,SF,Krum,0.1,0.3519,1.0
CIFAR-10-IID,SF,SparseFed-style,0.1,0.1458,1.0
CIFAR-10-IID,SF,AG-PTR,0.1,0.3746,0.8888888888888888
CIFAR-10-IID,SF,DP-FedAvg,0.2,0.1496,1.0
CIFAR-10-IID,SF,Median,0.2,0.2069,1.0
CIFAR-10-IID,SF,TrimmedMean,0.2,0.1688,1.0
CIFAR-10-IID,SF,Krum,0.2,0.362,1.0
CIFAR-10-IID,SF,SparseFed-style,0.2,0.1638,1.0
CIFAR-10-IID,SF,AG-PTR,0.2,0.3582,0.85
CIFAR-10-IID,SF,DP-FedAvg,0.3,0.1267,1.0
CIFAR-10-IID,SF,Median,0.3,0.1131,1.0
CIFAR-10-IID,SF,TrimmedMean,0.3,0.1574,1.0
CIFAR-10-IID,SF,Krum,0.3,0.3445,1.0
CIFAR-10-IID,SF,SparseFed-style,0.3,0.165,1.0
CIFAR-10-IID,SF,AG-PTR,0.3,0.3379,0.6888888888888889
CIFAR-10-IID,SF,DP-FedAvg,0.4,0.1024,1.0
CIFAR-10-IID,SF,Median,0.4,0.1724,1.0
CIFAR-10-IID,SF,TrimmedMean,0.4,0.1564,1.0
CIFAR-10-IID,SF,Krum,0.4,0.3563,1.0
CIFAR-10-IID,SF,SparseFed-style,0.4,0.147,1.0
CIFAR-10-IID,SF,AG-PTR,0.4,0.2407,0.1666666666666666
CIFAR-10-IID,SF,DP-FedAvg,0.49,0.1,1.0
CIFAR-10-IID,SF,Median,0.49,0.1539,1.0
CIFAR-10-IID,SF,TrimmedMean,0.49,0.1539,1.0
CIFAR-10-IID,SF,Krum,0.49,0.1,1.0
CIFAR-10-IID,SF,SparseFed-style,0.49,0.1009,1.0
CIFAR-10-IID,SF,AG-PTR,0.49,0.1066,0.0
CIFAR-10-IID,SF,DP-FedAvg,0.6,0.1,1.0
CIFAR-10-IID,SF,Median,0.6,0.1,1.0
CIFAR-10-IID,SF,TrimmedMean,0.6,0.1,1.0
CIFAR-10-IID,SF,Krum,0.6,0.1,1.0
CIFAR-10-IID,SF,SparseFed-style,0.6,0.1,1.0
CIFAR-10-IID,SF,AG-PTR,0.6,0.1066,0.0
CIFAR-10-IID,MinMax,DP-FedAvg,0.0,0.2824,1.0
CIFAR-10-IID,MinMax,Median,0.0,0.4423,1.0
CIFAR-10-IID,MinMax,TrimmedMean,0.0,0.4795,1.0
CIFAR-10-IID,MinMax,Krum,0.0,0.3497,1.0
CIFAR-10-IID,MinMax,SparseFed-style,0.0,0.4678,1.0
CIFAR-10-IID,MinMax,AG-PTR,0.0,0.3873,0.85
CIFAR-10-IID,MinMax,DP-FedAvg,0.1,0.2097,1.0
CIFAR-10-IID,MinMax,Median,0.1,0.3299,1.0
CIFAR-10-IID,MinMax,TrimmedMean,0.1,0.2898,1.0
CIFAR-10-IID,MinMax,Krum,0.1,0.3475,1.0
CIFAR-10-IID,MinMax,SparseFed-style,0.1,0.3081,1.0
CIFAR-10-IID,MinMax,AG-PTR,0.1,0.3628,0.9055555555555556
CIFAR-10-IID,MinMax,DP-FedAvg,0.2,0.1439,1.0
CIFAR-10-IID,MinMax,Median,0.2,0.2069,1.0
CIFAR-10-IID,MinMax,TrimmedMean,0.2,0.1926,1.0
CIFAR-10-IID,MinMax,Krum,0.2,0.3381,1.0
CIFAR-10-IID,MinMax,SparseFed-style,0.2,0.2388,1.0
CIFAR-10-IID,MinMax,AG-PTR,0.2,0.3664,0.8611111111111112
CIFAR-10-IID,MinMax,DP-FedAvg,0.3,0.1423,1.0
CIFAR-10-IID,MinMax,Median,0.3,0.1133,1.0
CIFAR-10-IID,MinMax,TrimmedMean,0.3,0.1649,1.0
CIFAR-10-IID,MinMax,Krum,0.3,0.2055,1.0
CIFAR-10-IID,MinMax,SparseFed-style,0.3,0.1744,1.0
CIFAR-10-IID,MinMax,AG-PTR,0.3,0.3379,0.6888888888888889
CIFAR-10-IID,MinMax,DP-FedAvg,0.4,0.0825,1.0
CIFAR-10-IID,MinMax,Median,0.4,0.1679,1.0
CIFAR-10-IID,MinMax,TrimmedMean,0.4,0.169,1.0
CIFAR-10-IID,MinMax,Krum,0.4,0.1,1.0
CIFAR-10-IID,MinMax,SparseFed-style,0.4,0.1126,1.0
CIFAR-10-IID,MinMax,AG-PTR,0.4,0.2407,0.1666666666666666
CIFAR-10-IID,MinMax,DP-FedAvg,0.49,0.1243,1.0
CIFAR-10-IID,MinMax,Median,0.49,0.1309,1.0
CIFAR-10-IID,MinMax,TrimmedMean,0.49,0.1572,1.0
CIFAR-10-IID,MinMax,Krum,0.49,0.0858,1.0
CIFAR-10-IID,MinMax,SparseFed-style,0.49,0.1517,1.0
CIFAR-10-IID,MinMax,AG-PTR,0.49,0.1066,0.0
CIFAR-10-IID,MinMax,DP-FedAvg,0.6,0.0785,1.0
CIFAR-10-IID,MinMax,Median,0.6,0.1,1.0
CIFAR-10-IID,MinMax,TrimmedMean,0.6,0.1,1.0
CIFAR-10-IID,MinMax,Krum,0.6,0.1,1.0
CIFAR-10-IID,MinMax,SparseFed-style,0.6,0.1152,1.0
CIFAR-10-IID,MinMax,AG-PTR,0.6,0.1066,0.0
CIFAR-10-IID,MinSum,DP-FedAvg,0.0,0.2824,1.0
CIFAR-10-IID,MinSum,Median,0.0,0.4423,1.0
CIFAR-10-IID,MinSum,TrimmedMean,0.0,0.4795,1.0
CIFAR-10-IID,MinSum,Krum,0.0,0.3497,1.0
CIFAR-10-IID,MinSum,SparseFed-style,0.0,0.4678,1.0
CIFAR-10-IID,MinSum,AG-PTR,0.0,0.3873,0.85
CIFAR-10-IID,MinSum,DP-FedAvg,0.1,0.2028,1.0
CIFAR-10-IID,MinSum,Median,0.1,0.3299,1.0
CIFAR-10-IID,MinSum,TrimmedMean,0.1,0.287,1.0
CIFAR-10-IID,MinSum,Krum,0.1,0.3486,1.0
CIFAR-10-IID,MinSum,SparseFed-style,0.1,0.3201,1.0
CIFAR-10-IID,MinSum,AG-PTR,0.1,0.3654,0.8055555555555556
CIFAR-10-IID,MinSum,DP-FedAvg,0.2,0.1523,1.0
CIFAR-10-IID,MinSum,Median,0.2,0.2069,1.0
CIFAR-10-IID,MinSum,TrimmedMean,0.2,0.1686,1.0
CIFAR-10-IID,MinSum,Krum,0.2,0.3377,1.0
CIFAR-10-IID,MinSum,SparseFed-style,0.2,0.2351,1.0
CIFAR-10-IID,MinSum,AG-PTR,0.2,0.3503,0.8555555555555555
CIFAR-10-IID,MinSum,DP-FedAvg,0.3,0.1153,1.0
CIFAR-10-IID,MinSum,Median,0.3,0.1131,1.0
CIFAR-10-IID,MinSum,TrimmedMean,0.3,0.1622,1.0
CIFAR-10-IID,MinSum,Krum,0.3,0.1925,1.0
CIFAR-10-IID,MinSum,SparseFed-style,0.3,0.1156,1.0
CIFAR-10-IID,MinSum,AG-PTR,0.3,0.3379,0.6888888888888889
CIFAR-10-IID,MinSum,DP-FedAvg,0.4,0.117,1.0
CIFAR-10-IID,MinSum,Median,0.4,0.1727,1.0
CIFAR-10-IID,MinSum,TrimmedMean,0.4,0.1627,1.0
CIFAR-10-IID,MinSum,Krum,0.4,0.1011,1.0
CIFAR-10-IID,MinSum,SparseFed-style,0.4,0.1433,1.0
CIFAR-10-IID,MinSum,AG-PTR,0.4,0.2407,0.1666666666666666
CIFAR-10-IID,MinSum,DP-FedAvg,0.49,0.0974,1.0
CIFAR-10-IID,MinSum,Median,0.49,0.1404,1.0
CIFAR-10-IID,MinSum,TrimmedMean,0.49,0.1002,1.0
CIFAR-10-IID,MinSum,Krum,0.49,0.0997,1.0
CIFAR-10-IID,MinSum,SparseFed-style,0.49,0.1591,1.0
CIFAR-10-IID,MinSum,AG-PTR,0.49,0.1066,0.0
CIFAR-10-IID,MinSum,DP-FedAvg,0.6,0.1229,1.0
CIFAR-10-IID,MinSum,Median,0.6,0.1,1.0
CIFAR-10-IID,MinSum,TrimmedMean,0.6,0.1,1.0
CIFAR-10-IID,MinSum,Krum,0.6,0.1,1.0
CIFAR-10-IID,MinSum,SparseFed-style,0.6,0.1273,1.0
CIFAR-10-IID,MinSum,AG-PTR,0.6,0.1066,0.0
CIFAR-10-IID,LF,DP-FedAvg,0.0,0.2824,1.0
CIFAR-10-IID,LF,Median,0.0,0.4423,1.0
CIFAR-10-IID,LF,TrimmedMean,0.0,0.4795,1.0
CIFAR-10-IID,LF,Krum,0.0,0.3497,1.0
CIFAR-10-IID,LF,SparseFed-style,0.0,0.4678,1.0
CIFAR-10-IID,LF,AG-PTR,0.0,0.3873,0.85
CIFAR-10-IID,LF,DP-FedAvg,0.1,0.2462,1.0
CIFAR-10-IID,LF,Median,0.1,0.4264,1.0
CIFAR-10-IID,LF,TrimmedMean,0.1,0.4452,1.0
CIFAR-10-IID,LF,Krum,0.1,0.3484,1.0
CIFAR-10-IID,LF,SparseFed-style,0.1,0.4461,1.0
CIFAR-10-IID,LF,AG-PTR,0.1,0.3586,0.9111111111111112
CIFAR-10-IID,LF,DP-FedAvg,0.2,0.2235,1.0
CIFAR-10-IID,LF,Median,0.2,0.4036,1.0
CIFAR-10-IID,LF,TrimmedMean,0.2,0.41,1.0
CIFAR-10-IID,LF,Krum,0.2,0.3228,1.0
CIFAR-10-IID,LF,SparseFed-style,0.2,0.4277,1.0
CIFAR-10-IID,LF,AG-PTR,0.2,0.3439,0.9055555555555556
CIFAR-10-IID,LF,DP-FedAvg,0.3,0.2035,1.0
CIFAR-10-IID,LF,Median,0.3,0.3728,1.0
CIFAR-10-IID,LF,TrimmedMean,0.3,0.3767,1.0
CIFAR-10-IID,LF,Krum,0.3,0.3056,1.0
CIFAR-10-IID,LF,SparseFed-style,0.3,0.4007,1.0
CIFAR-10-IID,LF,AG-PTR,0.3,0.3262,0.95
CIFAR-10-IID,LF,DP-FedAvg,0.4,0.1873,1.0
CIFAR-10-IID,LF,Median,0.4,0.334,1.0
CIFAR-10-IID,LF,TrimmedMean,0.4,0.3312,1.0
CIFAR-10-IID,LF,Krum,0.4,0.2591,1.0
CIFAR-10-IID,LF,SparseFed-style,0.4,0.3512,1.0
CIFAR-10-IID,LF,AG-PTR,0.4,0.2853,0.9388888888888888
CIFAR-10-IID,LF,DP-FedAvg,0.49,0.1736,1.0
CIFAR-10-IID,LF,Median,0.49,0.2556,1.0
CIFAR-10-IID,LF,TrimmedMean,0.49,0.2578,1.0
CIFAR-10-IID,LF,Krum,0.49,0.2143,1.0
CIFAR-10-IID,LF,SparseFed-style,0.49,0.2643,1.0
CIFAR-10-IID,LF,AG-PTR,0.49,0.2795,0.7944444444444444
CIFAR-10-IID,LF,DP-FedAvg,0.6,0.1633,1.0
CIFAR-10-IID,LF,Median,0.6,0.1653,1.0
CIFAR-10-IID,LF,TrimmedMean,0.6,0.1696,1.0
CIFAR-10-IID,LF,Krum,0.6,0.0972,1.0
CIFAR-10-IID,LF,SparseFed-style,0.6,0.1566,1.0
CIFAR-10-IID,LF,AG-PTR,0.6,0.2297,0.7166666666666667
CIFAR-10-IID,FoE,DP-FedAvg,0.0,0.2824,1.0
CIFAR-10-IID,FoE,Median,0.0,0.4423,1.0
CIFAR-10-IID,FoE,TrimmedMean,0.0,0.4795,1.0
CIFAR-10-IID,FoE,Krum,0.0,0.3497,1.0
CIFAR-10-IID,FoE,SparseFed-style,0.0,0.4678,1.0
CIFAR-10-IID,FoE,AG-PTR,0.0,0.3873,0.85
CIFAR-10-IID,FoE,DP-FedAvg,0.1,0.2572,1.0
CIFAR-10-IID,FoE,Median,0.1,0.3514,1.0
CIFAR-10-IID,FoE,TrimmedMean,0.1,0.4298,1.0
CIFAR-10-IID,FoE,Krum,0.1,0.0974,1.0
CIFAR-10-IID,FoE,SparseFed-style,0.1,0.4419,1.0
CIFAR-10-IID,FoE,AG-PTR,0.1,0.3605,0.8277777777777777
CIFAR-10-IID,FoE,DP-FedAvg,0.2,0.2357,1.0
CIFAR-10-IID,FoE,Median,0.2,0.1773,1.0
CIFAR-10-IID,FoE,TrimmedMean,0.2,0.3318,1.0
CIFAR-10-IID,FoE,Krum,0.2,0.22,1.0
CIFAR-10-IID,FoE,SparseFed-style,0.2,0.4103,1.0
CIFAR-10-IID,FoE,AG-PTR,0.2,0.348,0.8277777777777777
CIFAR-10-IID,FoE,DP-FedAvg,0.3,0.2082,1.0
CIFAR-10-IID,FoE,Median,0.3,0.1295,1.0
CIFAR-10-IID,FoE,TrimmedMean,0.3,0.1361,1.0
CIFAR-10-IID,FoE,Krum,0.3,0.2142,1.0
CIFAR-10-IID,FoE,SparseFed-style,0.3,0.36,1.0
CIFAR-10-IID,FoE,AG-PTR,0.3,0.3379,0.6888888888888889
CIFAR-10-IID,FoE,DP-FedAvg,0.4,0.1752,1.0
CIFAR-10-IID,FoE,Median,0.4,0.1657,1.0
CIFAR-10-IID,FoE,TrimmedMean,0.4,0.1589,1.0
CIFAR-10-IID,FoE,Krum,0.4,0.0566,1.0
CIFAR-10-IID,FoE,SparseFed-style,0.4,0.2824,1.0
CIFAR-10-IID,FoE,AG-PTR,0.4,0.2407,0.1666666666666666
CIFAR-10-IID,FoE,DP-FedAvg,0.49,0.1,1.0
CIFAR-10-IID,FoE,Median,0.49,0.1618,1.0
CIFAR-10-IID,FoE,TrimmedMean,0.49,0.1406,1.0
CIFAR-10-IID,FoE,Krum,0.49,0.1,1.0
CIFAR-10-IID,FoE,SparseFed-style,0.49,0.1674,1.0
CIFAR-10-IID,FoE,AG-PTR,0.49,0.1066,0.0
CIFAR-10-IID,FoE,DP-FedAvg,0.6,0.1,1.0
CIFAR-10-IID,FoE,Median,0.6,0.1,1.0
CIFAR-10-IID,FoE,TrimmedMean,0.6,0.1,1.0
CIFAR-10-IID,FoE,Krum,0.6,0.1,1.0
CIFAR-10-IID,FoE,SparseFed-style,0.6,0.1,1.0
CIFAR-10-IID,FoE,AG-PTR,0.6,0.1066,0.0
CIFAR-10-IID,ALIE,FedVRDP,0.0,0.3741,1.0
CIFAR-10-IID,ALIE,FedVRDP,0.1,0.2562,1.0
CIFAR-10-IID,ALIE,FedVRDP,0.2,0.0976,1.0
CIFAR-10-IID,ALIE,FedVRDP,0.3,0.1044,1.0
CIFAR-10-IID,ALIE,FedVRDP,0.4,0.1103,1.0
CIFAR-10-IID,ALIE,FedVRDP,0.49,0.0999,1.0
CIFAR-10-IID,ALIE,FedVRDP,0.6,0.1,1.0
CIFAR-10-IID,SF,FedVRDP,0.0,0.3741,1.0
CIFAR-10-IID,SF,FedVRDP,0.1,0.1697,1.0
CIFAR-10-IID,SF,FedVRDP,0.2,0.1654,1.0
CIFAR-10-IID,SF,FedVRDP,0.3,0.1679,1.0
CIFAR-10-IID,SF,FedVRDP,0.4,0.1482,1.0
CIFAR-10-IID,SF,FedVRDP,0.49,0.1,1.0
CIFAR-10-IID,SF,FedVRDP,0.6,0.1,1.0
CIFAR-10-IID,MinMax,FedVRDP,0.0,0.3741,1.0
CIFAR-10-IID,MinMax,FedVRDP,0.1,0.2373,1.0
CIFAR-10-IID,MinMax,FedVRDP,0.2,0.1698,1.0
CIFAR-10-IID,MinMax,FedVRDP,0.3,0.1935,1.0
CIFAR-10-IID,MinMax,FedVRDP,0.4,0.1456,1.0
CIFAR-10-IID,MinMax,FedVRDP,0.49,0.1547,1.0
CIFAR-10-IID,MinMax,FedVRDP,0.6,0.1876,1.0
CIFAR-10-IID,MinSum,FedVRDP,0.0,0.3741,1.0
CIFAR-10-IID,MinSum,FedVRDP,0.1,0.2353,1.0
CIFAR-10-IID,MinSum,FedVRDP,0.2,0.1483,1.0
CIFAR-10-IID,MinSum,FedVRDP,0.3,0.1738,1.0
CIFAR-10-IID,MinSum,FedVRDP,0.4,0.1658,1.0
CIFAR-10-IID,MinSum,FedVRDP,0.49,0.1586,1.0
CIFAR-10-IID,MinSum,FedVRDP,0.6,0.1666,1.0
CIFAR-10-IID,LF,FedVRDP,0.0,0.3741,1.0
CIFAR-10-IID,LF,FedVRDP,0.1,0.3421,1.0
CIFAR-10-IID,LF,FedVRDP,0.2,0.3284,1.0
CIFAR-10-IID,LF,FedVRDP,0.3,0.2971,1.0
CIFAR-10-IID,LF,FedVRDP,0.4,0.2427,1.0
CIFAR-10-IID,LF,FedVRDP,0.49,0.2215,1.0
CIFAR-10-IID,LF,FedVRDP,0.6,0.1746,1.0
CIFAR-10-IID,FoE,FedVRDP,0.0,0.3741,1.0
CIFAR-10-IID,FoE,FedVRDP,0.1,0.3452,1.0
CIFAR-10-IID,FoE,FedVRDP,0.2,0.3118,1.0
CIFAR-10-IID,FoE,FedVRDP,0.3,0.2664,1.0
CIFAR-10-IID,FoE,FedVRDP,0.4,0.1902,1.0
CIFAR-10-IID,FoE,FedVRDP,0.49,0.1317,1.0
CIFAR-10-IID,FoE,FedVRDP,0.6,0.1,1.0
